Year,Month,Segment,Region,KPI,Value Type,Value
2020,12,Clients,India,Lv1_Visitors,Actuals," 3,665,558 "
2020,12,Clients,India,Lv2_Visitors,Actuals," 2,689,569 "
2020,12,Clients,India,Lv3_Visitors,Actuals," 1,300,571 "
2020,12,Clients,India,Lv4_Visitors,Actuals," 717,608 "
2020,12,Clients,India,Lv3_Visitors,Actuals," 706,677 "
2020,12,Clients,India,Lv5_Visitors,Actuals," 255,723 "
2020,12,Clients,India,Lv4_Visitors,Actuals," 180,125 "
2020,12,Clients,India,Lv5_Visitors,Actuals," 74,768 "
2021,12,Clients,India,Lv1_Visitors,Actuals," 3,543,797 "
2021,12,Clients,India,Lv2_Visitors,Actuals," 2,199,420 "
2021,12,Clients,India,Lv3_Visitors,Actuals," 1,105,675 "
2021,12,Clients,India,Lv3_Visitors,Actuals," 677,096 "
2021,12,Clients,India,Lv4_Visitors,Actuals," 632,424 "
2021,12,Clients,India,Lv5_Visitors,Actuals," 216,178 "
2021,12,Clients,India,Lv4_Visitors,Actuals," 180,821 "
2021,12,Clients,India,Lv5_Visitors,Actuals," 69,345 "
2022,12,Clients,India,Lv1_Visitors,Actuals," 3,223,690 "
2022,12,Clients,India,Lv2_Visitors,Actuals," 2,106,583 "
2022,12,Clients,India,Lv3_Visitors,Actuals," 1,725,522 "
2022,12,Clients,India,Lv4_Visitors,Actuals," 748,273 "
2022,12,Clients,Uddepy,Lv1_Visitors,Actuals," 629,047 "
2022,12,Clients,Uddepy,Lv2_Visitors,Actuals," 378,447 "
2022,12,Clients,Uddepy,Lv3_Visitors,Actuals," 371,666 "
2022,12,Clients,Dehradun,Lv1_Visitors,Actuals," 241,370 "
2022,12,Clients,Ujjain,Lv1_Visitors,Actuals," 178,976 "
2022,12,Clients,Dehradun,Lv2_Visitors,Actuals," 149,024 "
2022,12,Clients,Indore,Lv1_Visitors,Actuals," 119,475 "
2022,12,Clients,Uddepy,Lv4_Visitors,Actuals," 118,950 "
2022,12,Clients,Dehradun,Lv3_Visitors,Actuals," 118,570 "
2022,12,Clients,Ujjain,Lv2_Visitors,Actuals," 112,987 "
2022,12,Clients,Ujjain,Lv3_Visitors,Actuals," 78,884 "
2022,12,Clients,India,Lv5_Visitors,Actuals," 75,211 "
2022,12,Clients,Indore,Lv2_Visitors,Actuals," 72,804 "
2022,12,Clients,Indore,Lv3_Visitors,Actuals," 64,064 "
2022,12,Clients,Dehradun,Lv4_Visitors,Actuals," 53,146 "
2022,12,Clients,Ujjain,Lv4_Visitors,Actuals," 37,404 "
2022,12,Clients,Indore,Lv4_Visitors,Actuals," 30,773 "
2022,12,Clients,Uddepy,Lv5_Visitors,Actuals," 14,855 "
2022,12,Clients,Dehradun,Lv5_Visitors,Actuals," 7,880 "
2022,12,Clients,Ujjain,Lv5_Visitors,Actuals," 5,632 "
2022,12,Clients,Indore,Lv5_Visitors,Actuals," 4,335 "
2020,11,Clients,India,Lv1_Visitors,Actuals," 3,634,761 "
2020,11,Clients,India,Lv2_Visitors,Actuals," 2,510,682 "
2020,11,Clients,India,Lv3_Visitors,Actuals," 1,346,038 "
2020,11,Clients,India,Lv3_Visitors,Actuals," 751,349 "
2020,11,Clients,India,Lv4_Visitors,Actuals," 750,710 "
2020,11,Clients,India,Lv5_Visitors,Actuals," 272,017 "
2020,11,Clients,India,Lv4_Visitors,Actuals," 187,646 "
2020,11,Clients,India,Lv5_Visitors,Actuals," 81,680 "
2021,11,Clients,India,Lv1_Visitors,Actuals," 3,665,788 "
2021,11,Clients,India,Lv2_Visitors,Actuals," 2,261,094 "
2021,11,Clients,India,Lv3_Visitors,Actuals," 1,154,974 "
2021,11,Clients,India,Lv4_Visitors,Actuals," 694,316 "
2021,11,Clients,India,Lv3_Visitors,Actuals," 688,464 "
2021,11,Clients,India,Lv5_Visitors,Actuals," 243,224 "
2021,11,Clients,India,Lv4_Visitors,Actuals," 193,567 "
2021,11,Clients,India,Lv5_Visitors,Actuals," 78,573 "
2022,11,Clients,India,Lv1_Visitors,Actuals," 3,558,134 "
2022,11,Clients,India,Lv2_Visitors,Actuals," 2,299,894 "
2022,11,Clients,India,Lv3_Visitors,Actuals," 1,753,542 "
2022,11,Clients,India,Lv4_Visitors,Actuals," 843,778 "
2022,11,Clients,Uddepy,Lv1_Visitors,Actuals," 668,392 "
2022,11,Clients,Uddepy,Lv2_Visitors,Actuals," 401,651 "
2022,11,Clients,Uddepy,Lv3_Visitors,Actuals," 304,239 "
2022,11,Clients,India,Lv5_Visitors,Actuals," 302,037 "
2022,11,Clients,Dehradun,Lv1_Visitors,Actuals," 286,604 "
2022,11,Clients,Ujjain,Lv1_Visitors,Actuals," 209,151 "
2022,11,Clients,Dehradun,Lv2_Visitors,Actuals," 174,726 "
2022,11,Clients,Indore,Lv1_Visitors,Actuals," 135,254 "
2022,11,Clients,Dehradun,Lv3_Visitors,Actuals," 134,907 "
2022,11,Clients,Uddepy,Lv4_Visitors,Actuals," 132,765 "
2022,11,Clients,Ujjain,Lv2_Visitors,Actuals," 132,272 "
2022,11,Clients,Ujjain,Lv3_Visitors,Actuals," 92,759 "
2022,11,Clients,Indore,Lv2_Visitors,Actuals," 80,884 "
2022,11,Clients,Indore,Lv3_Visitors,Actuals," 67,546 "
2022,11,Clients,Dehradun,Lv4_Visitors,Actuals," 61,780 "
2022,11,Clients,Uddepy,Lv5_Visitors,Actuals," 56,624 "
2022,11,Clients,Ujjain,Lv4_Visitors,Actuals," 46,469 "
2022,11,Clients,Indore,Lv4_Visitors,Actuals," 33,489 "
2022,11,Clients,Dehradun,Lv5_Visitors,Actuals," 30,544 "
2022,11,Clients,Ujjain,Lv5_Visitors,Actuals," 21,321 "
2022,11,Clients,Indore,Lv5_Visitors,Actuals," 16,528 "
2020,10,Clients,India,Lv1_Visitors,Actuals," 4,286,063 "
2020,10,Clients,India,Lv2_Visitors,Actuals," 2,923,280 "
2020,10,Clients,India,Lv3_Visitors,Actuals," 1,625,888 "
2020,10,Clients,India,Lv3_Visitors,Actuals," 1,094,291 "
2020,10,Clients,India,Lv4_Visitors,Actuals," 925,999 "
2020,10,Clients,India,Lv5_Visitors,Actuals," 302,759 "
2020,10,Clients,India,Lv4_Visitors,Actuals," 221,037 "
2020,10,Clients,India,Lv5_Visitors,Actuals," 91,531 "
2021,10,Clients,India,Lv1_Visitors,Actuals," 3,223,253 "
2021,10,Clients,India,Lv2_Visitors,Actuals," 2,025,461 "
2021,10,Clients,India,Lv3_Visitors,Actuals," 1,084,128 "
2021,10,Clients,India,Lv3_Visitors,Actuals," 622,252 "
2021,10,Clients,India,Lv4_Visitors,Actuals," 612,737 "
2021,10,Clients,India,Lv5_Visitors,Actuals," 213,163 "
2021,10,Clients,India,Lv4_Visitors,Actuals," 167,563 "
2021,10,Clients,India,Lv5_Visitors,Actuals," 67,336 "
2022,10,Clients,India,Lv1_Visitors,Actuals," 3,375,812 "
2022,10,Clients,India,Lv2_Visitors,Actuals," 2,106,685 "
2022,10,Clients,India,Lv3_Visitors,Actuals," 1,596,552 "
2022,10,Clients,India,Lv4_Visitors,Actuals," 733,809 "
2022,10,Clients,Uddepy,Lv1_Visitors,Actuals," 721,205 "
2022,10,Clients,Uddepy,Lv2_Visitors,Actuals," 416,130 "
2022,10,Clients,Uddepy,Lv3_Visitors,Actuals," 337,804 "
2022,10,Clients,Dehradun,Lv1_Visitors,Actuals," 291,831 "
2022,10,Clients,India,Lv5_Visitors,Actuals," 254,773 "
2022,10,Clients,Ujjain,Lv1_Visitors,Actuals," 187,359 "
2022,10,Clients,Dehradun,Lv2_Visitors,Actuals," 175,647 "
2022,10,Clients,Dehradun,Lv3_Visitors,Actuals," 140,333 "
2022,10,Clients,Indore,Lv1_Visitors,Actuals," 129,633 "
2022,10,Clients,Uddepy,Lv4_Visitors,Actuals," 124,825 "
2022,10,Clients,Ujjain,Lv2_Visitors,Actuals," 119,056 "
2022,10,Clients,Ujjain,Lv3_Visitors,Actuals," 92,372 "
2022,10,Clients,Indore,Lv2_Visitors,Actuals," 77,078 "
2022,10,Clients,Dehradun,Lv4_Visitors,Actuals," 63,964 "
2022,10,Clients,Indore,Lv3_Visitors,Actuals," 60,089 "
2022,10,Clients,Uddepy,Lv5_Visitors,Actuals," 54,849 "
2022,10,Clients,Ujjain,Lv4_Visitors,Actuals," 44,459 "
2022,10,Clients,Indore,Lv4_Visitors,Actuals," 31,457 "
2022,10,Clients,Dehradun,Lv5_Visitors,Actuals," 30,911 "
2022,10,Clients,Ujjain,Lv5_Visitors,Actuals," 19,919 "
2022,10,Clients,Indore,Lv5_Visitors,Actuals," 15,486 "
2020,9,Clients,India,Lv1_Visitors,Actuals," 3,377,895 "
2020,9,Clients,India,Lv2_Visitors,Actuals," 2,296,989 "
2020,9,Clients,India,Lv3_Visitors,Actuals," 1,284,911 "
2020,9,Clients,India,Lv3_Visitors,Actuals," 767,938 "
2020,9,Clients,India,Lv4_Visitors,Actuals," 718,836 "
2020,9,Clients,India,Lv5_Visitors,Actuals," 239,246 "
2020,9,Clients,India,Lv4_Visitors,Actuals," 178,274 "
2020,9,Clients,India,Lv5_Visitors,Actuals," 72,639 "
2021,9,Clients,India,Lv1_Visitors,Actuals," 3,017,046 "
2021,9,Clients,India,Lv2_Visitors,Actuals," 1,942,594 "
2021,9,Clients,India,Lv3_Visitors,Actuals," 1,049,227 "
2021,9,Clients,India,Lv4_Visitors,Actuals," 591,901 "
2021,9,Clients,India,Lv3_Visitors,Actuals," 574,014 "
2021,9,Clients,India,Lv5_Visitors,Actuals," 197,400 "
2021,9,Clients,India,Lv4_Visitors,Actuals," 160,398 "
2021,9,Clients,India,Lv5_Visitors,Actuals," 63,347 "
2022,9,Clients,India,Lv1_Visitors,Actuals," 3,311,139 "
2022,9,Clients,India,Lv2_Visitors,Actuals," 2,069,084 "
2022,9,Clients,India,Lv3_Visitors,Actuals," 1,633,456 "
2022,9,Clients,India,Lv4_Visitors,Actuals," 688,525 "
2022,9,Clients,Uddepy,Lv1_Visitors,Actuals," 637,436 "
2022,9,Clients,Uddepy,Lv3_Visitors,Actuals," 391,814 "
2022,9,Clients,Uddepy,Lv2_Visitors,Actuals," 377,863 "
2022,9,Clients,Dehradun,Lv1_Visitors,Actuals," 260,916 "
2022,9,Clients,India,Lv5_Visitors,Actuals," 222,620 "
2022,9,Clients,Ujjain,Lv1_Visitors,Actuals," 190,564 "
2022,9,Clients,Dehradun,Lv2_Visitors,Actuals," 152,112 "
2022,9,Clients,Indore,Lv1_Visitors,Actuals," 122,401 "
2022,9,Clients,Ujjain,Lv2_Visitors,Actuals," 119,173 "
2022,9,Clients,Dehradun,Lv3_Visitors,Actuals," 112,103 "
2022,9,Clients,Uddepy,Lv4_Visitors,Actuals," 110,464 "
2022,9,Clients,Ujjain,Lv3_Visitors,Actuals," 95,048 "
2022,9,Clients,Indore,Lv2_Visitors,Actuals," 72,145 "
2022,9,Clients,Indore,Lv3_Visitors,Actuals," 54,655 "
2022,9,Clients,Uddepy,Lv5_Visitors,Actuals," 49,816 "
2022,9,Clients,Dehradun,Lv4_Visitors,Actuals," 48,610 "
2022,9,Clients,Ujjain,Lv4_Visitors,Actuals," 40,322 "
2022,9,Clients,Indore,Lv4_Visitors,Actuals," 27,453 "
2022,9,Clients,Dehradun,Lv5_Visitors,Actuals," 23,781 "
2022,9,Clients,Ujjain,Lv5_Visitors,Actuals," 17,034 "
2022,9,Clients,Indore,Lv5_Visitors,Actuals," 13,384 "
2020,8,Clients,India,Lv1_Visitors,Actuals," 3,133,000 "
2020,8,Clients,India,Lv2_Visitors,Actuals," 2,125,630 "
2020,8,Clients,India,Lv3_Visitors,Actuals," 1,185,043 "
2020,8,Clients,India,Lv3_Visitors,Actuals," 690,996 "
2020,8,Clients,India,Lv4_Visitors,Actuals," 631,380 "
2020,8,Clients,India,Lv5_Visitors,Actuals," 208,570 "
2020,8,Clients,India,Lv4_Visitors,Actuals," 159,207 "
2020,8,Clients,India,Lv5_Visitors,Actuals," 62,262 "
2021,8,Clients,India,Lv1_Visitors,Actuals," 3,235,262 "
2021,8,Clients,India,Lv2_Visitors,Actuals," 2,071,017 "
2021,8,Clients,India,Lv3_Visitors,Actuals," 1,099,827 "
2021,8,Clients,India,Lv4_Visitors,Actuals," 634,847 "
2021,8,Clients,India,Lv3_Visitors,Actuals," 599,431 "
2021,8,Clients,India,Lv5_Visitors,Actuals," 197,779 "
2021,8,Clients,India,Lv4_Visitors,Actuals," 178,201 "
2021,8,Clients,India,Lv5_Visitors,Actuals," 67,570 "
2022,8,Clients,India,Lv1_Visitors,Actuals," 3,358,925 "
2022,8,Clients,India,Lv2_Visitors,Actuals," 2,105,210 "
2022,8,Clients,India,Lv3_Visitors,Actuals," 1,562,609 "
2022,8,Clients,India,Lv4_Visitors,Actuals," 695,978 "
2022,8,Clients,Uddepy,Lv1_Visitors,Actuals," 678,388 "
2022,8,Clients,Uddepy,Lv2_Visitors,Actuals," 396,260 "
2022,8,Clients,Uddepy,Lv3_Visitors,Actuals," 320,749 "
2022,8,Clients,Dehradun,Lv1_Visitors,Actuals," 258,932 "
2022,8,Clients,India,Lv5_Visitors,Actuals," 233,506 "
2022,8,Clients,Ujjain,Lv1_Visitors,Actuals," 190,113 "
2022,8,Clients,Dehradun,Lv2_Visitors,Actuals," 156,388 "
2022,8,Clients,Ujjain,Lv2_Visitors,Actuals," 123,837 "
2022,8,Clients,Indore,Lv1_Visitors,Actuals," 115,776 "
2022,8,Clients,Uddepy,Lv4_Visitors,Actuals," 114,407 "
2022,8,Clients,Dehradun,Lv3_Visitors,Actuals," 110,607 "
2022,8,Clients,Ujjain,Lv3_Visitors,Actuals," 106,034 "
2022,8,Clients,Indore,Lv2_Visitors,Actuals," 69,795 "
2022,8,Clients,Uddepy,Lv5_Visitors,Actuals," 52,588 "
2022,8,Clients,Indore,Lv3_Visitors,Actuals," 51,169 "
2022,8,Clients,Dehradun,Lv4_Visitors,Actuals," 48,582 "
2022,8,Clients,Ujjain,Lv4_Visitors,Actuals," 41,301 "
2022,8,Clients,Indore,Lv4_Visitors,Actuals," 26,648 "
2022,8,Clients,Dehradun,Lv5_Visitors,Actuals," 23,736 "
2022,8,Clients,Ujjain,Lv5_Visitors,Actuals," 18,685 "
2022,8,Clients,Indore,Lv5_Visitors,Actuals," 12,512 "
2020,7,Clients,India,Lv1_Visitors,Actuals," 3,586,692 "
2020,7,Clients,India,Lv2_Visitors,Actuals," 2,461,470 "
2020,7,Clients,India,Lv3_Visitors,Actuals," 1,437,585 "
2020,7,Clients,India,Lv3_Visitors,Actuals," 787,621 "
2020,7,Clients,India,Lv4_Visitors,Actuals," 767,861 "
2020,7,Clients,India,Lv5_Visitors,Actuals," 262,065 "
2020,7,Clients,India,Lv4_Visitors,Actuals," 186,680 "
2020,7,Clients,India,Lv5_Visitors,Actuals," 73,677 "
2021,7,Clients,India,Lv1_Visitors,Actuals," 2,883,471 "
2021,7,Clients,India,Lv2_Visitors,Actuals," 1,885,690 "
2021,7,Clients,India,Lv3_Visitors,Actuals," 1,013,262 "
2021,7,Clients,India,Lv4_Visitors,Actuals," 586,156 "
2021,7,Clients,India,Lv3_Visitors,Actuals," 517,551 "
2021,7,Clients,India,Lv5_Visitors,Actuals," 188,447 "
2021,7,Clients,India,Lv4_Visitors,Actuals," 144,421 "
2021,7,Clients,India,Lv5_Visitors,Actuals," 54,953 "
2022,7,Clients,India,Lv1_Visitors,Actuals," 3,507,414 "
2022,7,Clients,India,Lv2_Visitors,Actuals," 2,227,847 "
2022,7,Clients,India,Lv3_Visitors,Actuals," 1,615,793 "
2022,7,Clients,India,Lv4_Visitors,Actuals," 758,856 "
2022,7,Clients,Uddepy,Lv1_Visitors,Actuals," 714,383 "
2022,7,Clients,Uddepy,Lv2_Visitors,Actuals," 434,691 "
2022,7,Clients,Uddepy,Lv3_Visitors,Actuals," 317,351 "
2022,7,Clients,Dehradun,Lv1_Visitors,Actuals," 263,142 "
2022,7,Clients,India,Lv5_Visitors,Actuals," 250,201 "
2022,7,Clients,Ujjain,Lv1_Visitors,Actuals," 193,397 "
2022,7,Clients,Dehradun,Lv2_Visitors,Actuals," 162,021 "
2022,7,Clients,Uddepy,Lv4_Visitors,Actuals," 131,436 "
2022,7,Clients,Ujjain,Lv2_Visitors,Actuals," 127,497 "
2022,7,Clients,Dehradun,Lv3_Visitors,Actuals," 118,500 "
2022,7,Clients,Indore,Lv1_Visitors,Actuals," 115,834 "
2022,7,Clients,Ujjain,Lv3_Visitors,Actuals," 106,839 "
2022,7,Clients,Indore,Lv2_Visitors,Actuals," 69,890 "
2022,7,Clients,Uddepy,Lv5_Visitors,Actuals," 56,878 "
2022,7,Clients,Dehradun,Lv4_Visitors,Actuals," 52,183 "
2022,7,Clients,Indore,Lv3_Visitors,Actuals, 512 
2022,7,Clients,Ujjain,Lv4_Visitors,Actuals," 44,173 "
2022,7,Clients,Indore,Lv4_Visitors,Actuals," 27,102 "
2022,7,Clients,Dehradun,Lv5_Visitors,Actuals," 25,389 "
2022,7,Clients,Ujjain,Lv5_Visitors,Actuals," 19,955 "
2022,7,Clients,Indore,Lv5_Visitors,Actuals," 12,854 "
2020,6,Clients,India,Lv1_Visitors,Actuals," 4,035,885 "
2020,6,Clients,India,Lv2_Visitors,Actuals," 2,797,449 "
2020,6,Clients,India,Lv3_Visitors,Actuals," 1,756,712 "
2020,6,Clients,India,Lv4_Visitors,Actuals," 963,234 "
2020,6,Clients,India,Lv3_Visitors,Actuals," 877,876 "
2020,6,Clients,India,Lv5_Visitors,Actuals," 331,538 "
2020,6,Clients,India,Lv4_Visitors,Actuals," 218,565 "
2020,6,Clients,India,Lv5_Visitors,Actuals," 84,189 "
2021,6,Clients,India,Lv1_Visitors,Actuals," 2,790,598 "
2021,6,Clients,India,Lv2_Visitors,Actuals," 1,770,074 "
2021,6,Clients,India,Lv3_Visitors,Actuals," 939,509 "
2021,6,Clients,India,Lv3_Visitors,Actuals," 527,377 "
2021,6,Clients,India,Lv4_Visitors,Actuals," 513,448 "
2021,6,Clients,India,Lv5_Visitors,Actuals," 160,160 "
2021,6,Clients,India,Lv4_Visitors,Actuals," 129,317 "
2021,6,Clients,India,Lv5_Visitors,Actuals," 49,641 "
2022,6,Clients,India,Lv1_Visitors,Actuals," 3,294,811 "
2022,6,Clients,India,Lv2_Visitors,Actuals," 2,121,053 "
2022,6,Clients,India,Lv3_Visitors,Actuals," 1,563,578 "
2022,6,Clients,India,Lv4_Visitors,Actuals," 699,220 "
2022,6,Clients,Uddepy,Lv1_Visitors,Actuals," 677,346 "
2022,6,Clients,Uddepy,Lv2_Visitors,Actuals," 411,234 "
2022,6,Clients,Uddepy,Lv3_Visitors,Actuals," 305,102 "
2022,6,Clients,Dehradun,Lv1_Visitors,Actuals," 271,351 "
2022,6,Clients,India,Lv5_Visitors,Actuals," 233,305 "
2022,6,Clients,Ujjain,Lv1_Visitors,Actuals," 179,533 "
2022,6,Clients,Dehradun,Lv2_Visitors,Actuals," 164,055 "
2022,6,Clients,Indore,Lv1_Visitors,Actuals," 122,356 "
2022,6,Clients,Dehradun,Lv3_Visitors,Actuals," 120,005 "
2022,6,Clients,Uddepy,Lv4_Visitors,Actuals," 116,665 "
2022,6,Clients,Ujjain,Lv2_Visitors,Actuals," 116,128 "
2022,6,Clients,Ujjain,Lv3_Visitors,Actuals," 95,054 "
2022,6,Clients,Indore,Lv2_Visitors,Actuals," 73,607 "
2022,6,Clients,Indore,Lv3_Visitors,Actuals," 56,466 "
2022,6,Clients,Uddepy,Lv5_Visitors,Actuals," 52,077 "
2022,6,Clients,Dehradun,Lv4_Visitors,Actuals," 51,236 "
2022,6,Clients,Ujjain,Lv4_Visitors,Actuals," 37,274 "
2022,6,Clients,Indore,Lv4_Visitors,Actuals," 28,059 "
2022,6,Clients,Dehradun,Lv5_Visitors,Actuals," 25,072 "
2022,6,Clients,Ujjain,Lv5_Visitors,Actuals," 17,079 "
2022,6,Clients,Indore,Lv5_Visitors,Actuals," 13,384 "
2020,5,Clients,India,Lv1_Visitors,Actuals," 4,703,447 "
2020,5,Clients,India,Lv2_Visitors,Actuals," 3,333,479 "
2020,5,Clients,India,Lv3_Visitors,Actuals," 2,226,575 "
2020,5,Clients,India,Lv4_Visitors,Actuals," 1,421,116 "
2020,5,Clients,India,Lv3_Visitors,Actuals," 1,166,935 "
2020,5,Clients,India,Lv5_Visitors,Actuals," 428,245 "
2020,5,Clients,India,Lv4_Visitors,Actuals," 36,986,899 "
2020,5,Clients,India,Lv5_Visitors,Actuals," 107,262 "
2021,5,Clients,India,Lv1_Visitors,Actuals," 3,278,319 "
2021,5,Clients,India,Lv2_Visitors,Actuals," 2,111,235 "
2021,5,Clients,India,Lv3_Visitors,Actuals," 1,110,378 "
2021,5,Clients,India,Lv4_Visitors,Actuals," 622,611 "
2021,5,Clients,India,Lv3_Visitors,Actuals," 598,734 "
2021,5,Clients,India,Lv5_Visitors,Actuals," 211,608 "
2021,5,Clients,India,Lv4_Visitors,Actuals," 159,575 "
2021,5,Clients,India,Lv5_Visitors,Actuals," 64,313 "
2022,5,Clients,India,Lv1_Visitors,Actuals," 3,302,399 "
2022,5,Clients,India,Lv2_Visitors,Actuals," 2,097,116 "
2022,5,Clients,India,Lv3_Visitors,Actuals," 1,499,693 "
2022,5,Clients,Uddepy,Lv1_Visitors,Actuals," 708,522 "
2022,5,Clients,India,Lv4_Visitors,Actuals," 680,125 "
2022,5,Clients,Uddepy,Lv2_Visitors,Actuals," 425,393 "
2022,5,Clients,Uddepy,Lv3_Visitors,Actuals," 298,425 "
2022,5,Clients,Dehradun,Lv1_Visitors,Actuals," 273,730 "
2022,5,Clients,India,Lv5_Visitors,Actuals," 234,870 "
2022,5,Clients,Ujjain,Lv1_Visitors,Actuals," 170,513 "
2022,5,Clients,Dehradun,Lv2_Visitors,Actuals," 162,386 "
2022,5,Clients,Indore,Lv1_Visitors,Actuals," 120,072 "
2022,5,Clients,Uddepy,Lv4_Visitors,Actuals," 113,906 "
2022,5,Clients,Dehradun,Lv3_Visitors,Actuals," 109,222 "
2022,5,Clients,Ujjain,Lv2_Visitors,Actuals," 106,487 "
2022,5,Clients,Ujjain,Lv3_Visitors,Actuals," 80,925 "
2022,5,Clients,Indore,Lv2_Visitors,Actuals," 69,917 "
2022,5,Clients,Indore,Lv3_Visitors,Actuals," 59,968 "
2022,5,Clients,Uddepy,Lv5_Visitors,Actuals," 52,446 "
2022,5,Clients,Dehradun,Lv4_Visitors,Actuals," 51,978 "
2022,5,Clients,Ujjain,Lv4_Visitors,Actuals," 36,776 "
2022,5,Clients,Indore,Lv4_Visitors,Actuals," 26,418 "
2022,5,Clients,Dehradun,Lv5_Visitors,Actuals," 25,944 "
2022,5,Clients,Ujjain,Lv5_Visitors,Actuals," 17,294 "
2022,5,Clients,Indore,Lv5_Visitors,Actuals," 12,773 "
2020,4,Clients,India,Lv1_Visitors,Actuals," 4,583,672 "
2020,4,Clients,India,Lv2_Visitors,Actuals," 3,157,506 "
2020,4,Clients,India,Lv3_Visitors,Actuals," 2,046,021 "
2020,4,Clients,India,Lv4_Visitors,Actuals," 1,387,311 "
2020,4,Clients,India,Lv3_Visitors,Actuals," 1,263,385 "
2020,4,Clients,India,Lv5_Visitors,Actuals," 438,289 "
2020,4,Clients,India,Lv4_Visitors,Actuals," 363,340 "
2020,4,Clients,India,Lv5_Visitors,Actuals," 116,838 "
2021,4,Clients,India,Lv1_Visitors,Actuals," 3,057,604 "
2021,4,Clients,India,Lv2_Visitors,Actuals," 1,953,667 "
2021,4,Clients,India,Lv3_Visitors,Actuals," 1,029,518 "
2021,4,Clients,India,Lv4_Visitors,Actuals," 569,614 "
2021,4,Clients,India,Lv3_Visitors,Actuals," 538,410 "
2021,4,Clients,India,Lv5_Visitors,Actuals," 186,024 "
2021,4,Clients,India,Lv4_Visitors,Actuals," 145,270 "
2021,4,Clients,India,Lv5_Visitors,Actuals," 57,111 "
2022,4,Clients,India,Lv1_Visitors,Actuals," 3,131,811 "
2022,4,Clients,India,Lv2_Visitors,Actuals," 1,949,385 "
2022,4,Clients,India,Lv3_Visitors,Actuals," 1,512,154 "
2022,4,Clients,Uddepy,Lv1_Visitors,Actuals," 729,814 "
2022,4,Clients,India,Lv4_Visitors,Actuals," 708,302 "
2022,4,Clients,Uddepy,Lv2_Visitors,Actuals," 435,056 "
2022,4,Clients,Uddepy,Lv3_Visitors,Actuals," 341,666 "
2022,4,Clients,India,Lv5_Visitors,Actuals," 253,296 "
2022,4,Clients,Dehradun,Lv1_Visitors,Actuals," 237,507 "
2022,4,Clients,Ujjain,Lv1_Visitors,Actuals," 151,763 "
2022,4,Clients,Dehradun,Lv2_Visitors,Actuals," 135,399 "
2022,4,Clients,Uddepy,Lv4_Visitors,Actuals," 132,768 "
2022,4,Clients,Indore,Lv1_Visitors,Actuals," 111,786 "
2022,4,Clients,Dehradun,Lv3_Visitors,Actuals," 104,451 "
2022,4,Clients,Ujjain,Lv2_Visitors,Actuals, 885 
2022,4,Clients,Ujjain,Lv3_Visitors,Actuals," 72,576 "
2022,4,Clients,Indore,Lv2_Visitors,Actuals," 63,090 "
2022,4,Clients,Uddepy,Lv5_Visitors,Actuals," 61,592 "
2022,4,Clients,Indore,Lv3_Visitors,Actuals," 54,853 "
2022,4,Clients,Dehradun,Lv4_Visitors,Actuals," 51,486 "
2022,4,Clients,Ujjain,Lv4_Visitors,Actuals," 35,822 "
2022,4,Clients,Indore,Lv4_Visitors,Actuals," 27,677 "
2022,4,Clients,Dehradun,Lv5_Visitors,Actuals," 25,226 "
2022,4,Clients,Ujjain,Lv5_Visitors,Actuals," 16,504 "
2022,4,Clients,Indore,Lv5_Visitors,Actuals," 13,498 "
2020,3,Clients,India,Lv1_Visitors,Actuals," 3,453,194 "
2020,3,Clients,India,Lv2_Visitors,Actuals," 2,334,668 "
2020,3,Clients,India,Lv3_Visitors,Actuals," 1,403,406 "
2020,3,Clients,India,Lv3_Visitors,Actuals," 1,036,956 "
2020,3,Clients,India,Lv4_Visitors,Actuals," 923,885 "
2020,3,Clients,India,Lv5_Visitors,Actuals," 292,325 "
2020,3,Clients,India,Lv4_Visitors,Actuals," 262,937 "
2020,3,Clients,India,Lv5_Visitors,Actuals," 88,429 "
2021,3,Clients,India,Lv1_Visitors,Actuals," 3,048,799 "
2021,3,Clients,India,Lv2_Visitors,Actuals," 1,956,176 "
2021,3,Clients,India,Lv3_Visitors,Actuals," 1,091,291 "
2021,3,Clients,India,Lv4_Visitors,Actuals," 589,659 "
2021,3,Clients,India,Lv3_Visitors,Actuals," 554,802 "
2021,3,Clients,India,Lv5_Visitors,Actuals," 194,989 "
2021,3,Clients,India,Lv4_Visitors,Actuals," 150,339 "
2021,3,Clients,India,Lv5_Visitors,Actuals," 62,451 "
2022,3,Clients,India,Lv1_Visitors,Actuals," 3,440,102 "
2022,3,Clients,India,Lv2_Visitors,Actuals," 2,101,273 "
2022,3,Clients,India,Lv3_Visitors,Actuals," 1,665,241 "
2022,3,Clients,Uddepy,Lv1_Visitors,Actuals," 736,291 "
2022,3,Clients,India,Lv4_Visitors,Actuals," 712,806 "
2022,3,Clients,Uddepy,Lv2_Visitors,Actuals," 440,414 "
2022,3,Clients,Uddepy,Lv3_Visitors,Actuals," 400,775 "
2022,3,Clients,India,Lv5_Visitors,Actuals," 249,598 "
2022,3,Clients,Dehradun,Lv1_Visitors,Actuals," 239,667 "
2022,3,Clients,Ujjain,Lv1_Visitors,Actuals," 158,297 "
2022,3,Clients,Dehradun,Lv2_Visitors,Actuals," 133,742 "
2022,3,Clients,Uddepy,Lv4_Visitors,Actuals," 125,802 "
2022,3,Clients,Indore,Lv1_Visitors,Actuals," 115,360 "
2022,3,Clients,Dehradun,Lv3_Visitors,Actuals," 99,120 "
2022,3,Clients,Ujjain,Lv2_Visitors,Actuals," 90,967 "
2022,3,Clients,Ujjain,Lv3_Visitors,Actuals," 75,308 "
2022,3,Clients,Indore,Lv2_Visitors,Actuals," 64,633 "
2022,3,Clients,Uddepy,Lv5_Visitors,Actuals," 58,905 "
2022,3,Clients,Indore,Lv3_Visitors,Actuals," 55,520 "
2022,3,Clients,Dehradun,Lv4_Visitors,Actuals," 46,243 "
2022,3,Clients,Ujjain,Lv4_Visitors,Actuals," 35,176 "
2022,3,Clients,Indore,Lv4_Visitors,Actuals," 28,492 "
2022,3,Clients,Dehradun,Lv5_Visitors,Actuals," 23,066 "
2022,3,Clients,Ujjain,Lv5_Visitors,Actuals," 15,515 "
2022,3,Clients,Indore,Lv5_Visitors,Actuals," 14,214 "
2020,2,Clients,India,Lv1_Visitors,Actuals," 2,976,450 "
2020,2,Clients,India,Lv2_Visitors,Actuals," 2,021,915 "
2020,2,Clients,India,Lv3_Visitors,Actuals," 1,200,512 "
2020,2,Clients,India,Lv3_Visitors,Actuals," 901,147 "
2020,2,Clients,India,Lv4_Visitors,Actuals," 788,251 "
2020,2,Clients,India,Lv5_Visitors,Actuals," 244,201 "
2020,2,Clients,India,Lv4_Visitors,Actuals," 223,100 "
2020,2,Clients,India,Lv5_Visitors,Actuals," 74,488 "
2021,2,Clients,India,Lv1_Visitors,Actuals," 3,067,802 "
2021,2,Clients,India,Lv2_Visitors,Actuals," 2,127,445 "
2021,2,Clients,India,Lv3_Visitors,Actuals," 1,111,335 "
2021,2,Clients,India,Lv4_Visitors,Actuals," 583,821 "
2021,2,Clients,India,Lv3_Visitors,Actuals," 561,741 "
2021,2,Clients,India,Lv5_Visitors,Actuals," 199,009 "
2021,2,Clients,India,Lv4_Visitors,Actuals," 148,321 "
2021,2,Clients,India,Lv5_Visitors,Actuals," 61,206 "
2022,2,Clients,India,Lv1_Visitors,Actuals," 3,320,725 "
2022,2,Clients,India,Lv2_Visitors,Actuals," 2,068,096 "
2022,2,Clients,India,Lv3_Visitors,Actuals," 1,676,560 "
2022,2,Clients,India,Lv4_Visitors,Actuals," 792,673 "
2022,2,Clients,Uddepy,Lv1_Visitors,Actuals," 745,754 "
2022,2,Clients,Uddepy,Lv2_Visitors,Actuals," 443,097 "
2022,2,Clients,Uddepy,Lv3_Visitors,Actuals," 356,986 "
2022,2,Clients,India,Lv5_Visitors,Actuals," 281,102 "
2022,2,Clients,Dehradun,Lv1_Visitors,Actuals," 262,596 "
2022,2,Clients,Ujjain,Lv1_Visitors,Actuals," 158,252 "
2022,2,Clients,Uddepy,Lv4_Visitors,Actuals," 149,348 "
2022,2,Clients,Dehradun,Lv2_Visitors,Actuals," 148,772 "
2022,2,Clients,Indore,Lv1_Visitors,Actuals," 127,288 "
2022,2,Clients,Dehradun,Lv3_Visitors,Actuals," 125,591 "
2022,2,Clients,Ujjain,Lv2_Visitors,Actuals," 93,094 "
2022,2,Clients,Ujjain,Lv3_Visitors,Actuals," 79,617 "
2022,2,Clients,Indore,Lv2_Visitors,Actuals," 73,121 "
2022,2,Clients,Uddepy,Lv5_Visitors,Actuals," 67,688 "
2022,2,Clients,Indore,Lv3_Visitors,Actuals," 62,801 "
2022,2,Clients,Dehradun,Lv4_Visitors,Actuals," 60,637 "
2022,2,Clients,Ujjain,Lv4_Visitors,Actuals," 40,071 "
2022,2,Clients,Indore,Lv4_Visitors,Actuals," 33,654 "
2022,2,Clients,Dehradun,Lv5_Visitors,Actuals," 29,474 "
2022,2,Clients,Ujjain,Lv5_Visitors,Actuals," 17,844 "
2022,2,Clients,Indore,Lv5_Visitors,Actuals," 16,621 "
2020,1,Clients,India,Lv1_Visitors,Actuals," 3,322,789 "
2020,1,Clients,India,Lv2_Visitors,Actuals," 2,304,318 "
2020,1,Clients,India,Lv3_Visitors,Actuals," 1,395,439 "
2020,1,Clients,India,Lv3_Visitors,Actuals," 1,015,194 "
2020,1,Clients,India,Lv4_Visitors,Actuals," 901,662 "
2020,1,Clients,India,Lv5_Visitors,Actuals," 278,010 "
2020,1,Clients,India,Lv4_Visitors,Actuals," 255,524 "
2020,1,Clients,India,Lv5_Visitors,Actuals," 85,929 "
2021,1,Clients,India,Lv1_Visitors,Actuals," 3,709,579 "
2021,1,Clients,India,Lv2_Visitors,Actuals," 2,737,312 "
2021,1,Clients,India,Lv3_Visitors,Actuals," 1,371,534 "
2021,1,Clients,India,Lv4_Visitors,Actuals," 745,776 "
2021,1,Clients,India,Lv3_Visitors,Actuals," 697,639 "
2021,1,Clients,India,Lv5_Visitors,Actuals," 258,403 "
2021,1,Clients,India,Lv4_Visitors,Actuals," 184,129 "
2021,1,Clients,India,Lv5_Visitors,Actuals," 76,529 "
2022,1,Clients,India,Lv1_Visitors,Actuals," 3,756,097 "
2022,1,Clients,India,Lv2_Visitors,Actuals," 2,383,839 "
2022,1,Clients,India,Lv3_Visitors,Actuals," 1,955,083 "
2022,1,Clients,India,Lv4_Visitors,Actuals," 919,763 "
2022,1,Clients,Uddepy,Lv1_Visitors,Actuals," 781,331 "
2022,1,Clients,Uddepy,Lv2_Visitors,Actuals," 464,743 "
2022,1,Clients,Uddepy,Lv3_Visitors,Actuals," 378,306 "
2022,1,Clients,India,Lv5_Visitors,Actuals," 314,879 "
2022,1,Clients,Dehradun,Lv1_Visitors,Actuals," 294,710 "
2022,1,Clients,Ujjain,Lv1_Visitors,Actuals," 169,830 "
2022,1,Clients,Dehradun,Lv2_Visitors,Actuals," 168,820 "
2022,1,Clients,Uddepy,Lv4_Visitors,Actuals," 160,993 "
2022,1,Clients,Indore,Lv1_Visitors,Actuals," 147,244 "
2022,1,Clients,Dehradun,Lv3_Visitors,Actuals," 141,763 "
2022,1,Clients,Ujjain,Lv2_Visitors,Actuals," 98,197 "
2022,1,Clients,Indore,Lv2_Visitors,Actuals," 85,963 "
2022,1,Clients,Ujjain,Lv3_Visitors,Actuals," 83,314 "
2022,1,Clients,Indore,Lv3_Visitors,Actuals," 74,326 "
2022,1,Clients,Uddepy,Lv5_Visitors,Actuals," 71,760 "
2022,1,Clients,Dehradun,Lv4_Visitors,Actuals," 68,934 "
2022,1,Clients,Indore,Lv4_Visitors,Actuals," 40,124 "
2022,1,Clients,Ujjain,Lv4_Visitors,Actuals," 40,019 "
2022,1,Clients,Dehradun,Lv5_Visitors,Actuals," 34,695 "
2022,1,Clients,Indore,Lv5_Visitors,Actuals," 19,556 "
2022,1,Clients,Ujjain,Lv5_Visitors,Actuals," 18,368 "
2020,12,Customers,India,Lv1_Visitors,Actuals," 584,005 "
2020,12,Customers,India,Lv3_Visitors,Actuals," 512,155 "
2020,12,Customers,India,Lv2_Visitors,Actuals," 466,208 "
2020,12,Customers,India,Lv4_Visitors,Actuals," 222,199 "
2020,12,Customers,Uddepy,Lv1_Visitors,Actuals," 95,001 "
2020,12,Customers,Uddepy,Lv3_Visitors,Actuals," 81,416 "
2020,12,Customers,Uddepy,Lv2_Visitors,Actuals," 70,151 "
2020,12,Customers,India,Lv5_Visitors,Actuals," 56,614 "
2020,12,Customers,Uddepy,Lv4_Visitors,Actuals," 38,057 "
2020,12,Customers,Faridabad,Lv1_Visitors,Actuals," 34,477 "
2020,12,Customers,Dehradun,Lv1_Visitors,Actuals," 32,823 "
2020,12,Customers,Faridabad,Lv3_Visitors,Actuals," 32,552 "
2020,12,Customers,Faridabad,Lv2_Visitors,Actuals," 29,359 "
2020,12,Customers,Ujjain,Lv1_Visitors,Actuals," 28,265 "
2020,12,Customers,Dehradun,Lv2_Visitors,Actuals," 23,730 "
2020,12,Customers,Dehradun,Lv3_Visitors,Actuals," 22,713 "
2020,12,Customers,Ujjain,Lv2_Visitors,Actuals," 21,519 "
2020,12,Customers,Ujjain,Lv3_Visitors,Actuals," 20,744 "
2020,12,Customers,Faridabad,Lv4_Visitors,Actuals," 15,260 "
2020,12,Customers,Uddepy,Lv5_Visitors,Actuals," 12,201 "
2020,12,Customers,Ujjain,Lv4_Visitors,Actuals," 9,334 "
2020,12,Customers,Dehradun,Lv4_Visitors,Actuals," 8,489 "
2020,12,Customers,Aurangabad,Lv3_Visitors,Actuals," 6,178 "
2020,12,Customers,Aurangabad,Lv1_Visitors,Actuals," 6,103 "
2020,12,Customers,Faridabad,Lv5_Visitors,Actuals," 6,062 "
2020,12,Customers,Aurangabad,Lv2_Visitors,Actuals," 4,399 "
2020,12,Customers,Dehradun,Lv5_Visitors,Actuals," 3,616 "
2020,12,Customers,Ujjain,Lv5_Visitors,Actuals," 3,201 "
2020,12,Customers,Aurangabad,Lv4_Visitors,Actuals," 2,250 "
2020,12,Customers,Aurangabad,Lv5_Visitors,Actuals, 897 
2021,12,Customers,India,Lv1_Visitors,Actuals," 469,431 "
2021,12,Customers,India,Lv2_Visitors,Actuals," 330,165 "
2021,12,Customers,India,Lv3_Visitors,Actuals," 232,479 "
2021,12,Customers,India,Lv4_Visitors,Actuals," 88,949 "
2021,12,Customers,Uddepy,Lv1_Visitors,Actuals," 71,616 "
2021,12,Customers,Uddepy,Lv2_Visitors,Actuals," 47,155 "
2021,12,Customers,Uddepy,Lv3_Visitors,Actuals," 40,317 "
2021,12,Customers,Faridabad,Lv1_Visitors,Actuals," 34,848 "
2021,12,Customers,Ujjain,Lv1_Visitors,Actuals," 24,376 "
2021,12,Customers,Faridabad,Lv2_Visitors,Actuals," 24,103 "
2021,12,Customers,Dehradun,Lv1_Visitors,Actuals," 22,751 "
2021,12,Customers,Uddepy,Lv4_Visitors,Actuals," 20,867 "
2021,12,Customers,Faridabad,Lv3_Visitors,Actuals," 19,538 "
2021,12,Customers,India,Lv5_Visitors,Actuals," 18,591 "
2021,12,Customers,Dehradun,Lv2_Visitors,Actuals," 15,050 "
2021,12,Customers,Ujjain,Lv2_Visitors,Actuals," 14,781 "
2021,12,Customers,Dehradun,Lv3_Visitors,Actuals," 9,261 "
2021,12,Customers,Ujjain,Lv3_Visitors,Actuals," 7,559 "
2021,12,Customers,Uddepy,Lv5_Visitors,Actuals," 6,435 "
2021,12,Customers,Faridabad,Lv4_Visitors,Actuals," 6,342 "
2021,12,Customers,Aurangabad,Lv1_Visitors,Actuals," 6,026 "
2021,12,Customers,Aurangabad,Lv2_Visitors,Actuals," 3,699 "
2021,12,Customers,Ujjain,Lv4_Visitors,Actuals," 3,100 "
2021,12,Customers,Dehradun,Lv4_Visitors,Actuals," 2,915 "
2021,12,Customers,Aurangabad,Lv3_Visitors,Actuals," 2,789 "
2021,12,Customers,Faridabad,Lv5_Visitors,Actuals," 1,499 "
2021,12,Customers,Dehradun,Lv5_Visitors,Actuals," 1,174 "
2021,12,Customers,Aurangabad,Lv4_Visitors,Actuals," 1,055 "
2021,12,Customers,Ujjain,Lv5_Visitors,Actuals, 996 
2021,12,Customers,Aurangabad,Lv5_Visitors,Actuals, 385 
2022,12,Customers,India,Lv1_Visitors,Actuals," 409,152 "
2022,12,Customers,India,Lv2_Visitors,Actuals," 287,220 "
2022,12,Customers,India,Lv3_Visitors,Actuals," 205,978 "
2022,12,Customers,Uddepy,Lv1_Visitors,Actuals," 81,802 "
2022,12,Customers,India,Lv4_Visitors,Actuals," 64,707 "
2022,12,Customers,Uddepy,Lv2_Visitors,Actuals," 49,203 "
2022,12,Customers,Faridabad,Lv1_Visitors,Actuals," 43,786 "
2022,12,Customers,Uddepy,Lv3_Visitors,Actuals," 41,606 "
2022,12,Customers,Faridabad,Lv2_Visitors,Actuals," 31,130 "
2022,12,Customers,Dehradun,Lv1_Visitors,Actuals," 28,445 "
2022,12,Customers,Faridabad,Lv3_Visitors,Actuals," 21,086 "
2022,12,Customers,Ujjain,Lv1_Visitors,Actuals," 18,327 "
2022,12,Customers,Dehradun,Lv2_Visitors,Actuals," 16,806 "
2022,12,Customers,Uddepy,Lv4_Visitors,Actuals," 16,241 "
2022,12,Customers,Ujjain,Lv2_Visitors,Actuals," 11,600 "
2022,12,Customers,Dehradun,Lv3_Visitors,Actuals," 8,196 "
2022,12,Customers,Ujjain,Lv3_Visitors,Actuals," 6,821 "
2022,12,Customers,Aurangabad,Lv1_Visitors,Actuals," 6,207 "
2022,12,Customers,Faridabad,Lv4_Visitors,Actuals," 4,815 "
2022,12,Customers,India,Lv5_Visitors,Actuals," 4,625 "
2022,12,Customers,Aurangabad,Lv2_Visitors,Actuals," 4,085 "
2022,12,Customers,Aurangabad,Lv3_Visitors,Actuals," 3,261 "
2022,12,Customers,Dehradun,Lv4_Visitors,Actuals," 2,561 "
2022,12,Customers,Ujjain,Lv4_Visitors,Actuals," 2,556 "
2022,12,Customers,Uddepy,Lv5_Visitors,Actuals," 1,492 "
2022,12,Customers,Aurangabad,Lv4_Visitors,Actuals," 1,226 "
2022,12,Customers,Faridabad,Lv5_Visitors,Actuals, 399 
2022,12,Customers,Dehradun,Lv5_Visitors,Actuals, 357 
2022,12,Customers,Ujjain,Lv5_Visitors,Actuals, 293 
2022,12,Customers,Aurangabad,Lv5_Visitors,Actuals, 137 
2020,11,Customers,India,Lv1_Visitors,Actuals," 664,787 "
2020,11,Customers,India,Lv3_Visitors,Actuals," 591,953 "
2020,11,Customers,India,Lv2_Visitors,Actuals," 543,134 "
2020,11,Customers,India,Lv4_Visitors,Actuals," 257,252 "
2020,11,Customers,Uddepy,Lv1_Visitors,Actuals," 91,759 "
2020,11,Customers,Uddepy,Lv3_Visitors,Actuals," 84,918 "
2020,11,Customers,Uddepy,Lv2_Visitors,Actuals," 70,273 "
2020,11,Customers,India,Lv5_Visitors,Actuals," 67,306 "
2020,11,Customers,Faridabad,Lv3_Visitors,Actuals," 44,017 "
2020,11,Customers,Faridabad,Lv1_Visitors,Actuals," 41,520 "
2020,11,Customers,Uddepy,Lv4_Visitors,Actuals," 38,606 "
2020,11,Customers,Dehradun,Lv1_Visitors,Actuals," 37,620 "
2020,11,Customers,Faridabad,Lv2_Visitors,Actuals," 36,685 "
2020,11,Customers,Ujjain,Lv1_Visitors,Actuals," 36,029 "
2020,11,Customers,Ujjain,Lv3_Visitors,Actuals," 28,546 "
2020,11,Customers,Ujjain,Lv2_Visitors,Actuals," 28,542 "
2020,11,Customers,Dehradun,Lv2_Visitors,Actuals," 28,361 "
2020,11,Customers,Dehradun,Lv3_Visitors,Actuals," 26,773 "
2020,11,Customers,Faridabad,Lv4_Visitors,Actuals," 20,935 "
2020,11,Customers,Ujjain,Lv4_Visitors,Actuals," 13,349 "
2020,11,Customers,Uddepy,Lv5_Visitors,Actuals," 12,712 "
2020,11,Customers,Dehradun,Lv4_Visitors,Actuals," 9,783 "
2020,11,Customers,Faridabad,Lv5_Visitors,Actuals," 8,263 "
2020,11,Customers,Aurangabad,Lv1_Visitors,Actuals," 7,792 "
2020,11,Customers,Aurangabad,Lv3_Visitors,Actuals," 7,590 "
2020,11,Customers,Aurangabad,Lv2_Visitors,Actuals," 5,549 "
2020,11,Customers,Ujjain,Lv5_Visitors,Actuals," 5,048 "
2020,11,Customers,Dehradun,Lv5_Visitors,Actuals," 4,408 "
2020,11,Customers,Aurangabad,Lv4_Visitors,Actuals," 2,672 "
2020,11,Customers,Aurangabad,Lv5_Visitors,Actuals," 1,118 "
2021,11,Customers,India,Lv1_Visitors,Actuals," 420,940 "
2021,11,Customers,India,Lv2_Visitors,Actuals," 292,771 "
2021,11,Customers,India,Lv3_Visitors,Actuals," 233,125 "
2021,11,Customers,India,Lv4_Visitors,Actuals," 79,269 "
2021,11,Customers,Uddepy,Lv1_Visitors,Actuals," 78,919 "
2021,11,Customers,Uddepy,Lv2_Visitors,Actuals," 52,088 "
2021,11,Customers,Uddepy,Lv3_Visitors,Actuals," 46,669 "
2021,11,Customers,Ujjain,Lv1_Visitors,Actuals," 30,577 "
2021,11,Customers,Dehradun,Lv1_Visitors,Actuals," 23,653 "
2021,11,Customers,Uddepy,Lv4_Visitors,Actuals," 22,172 "
2021,11,Customers,India,Lv5_Visitors,Actuals," 19,882 "
2021,11,Customers,Ujjain,Lv2_Visitors,Actuals," 18,381 "
2021,11,Customers,Faridabad,Lv1_Visitors,Actuals," 17,004 "
2021,11,Customers,Dehradun,Lv2_Visitors,Actuals," 15,901 "
2021,11,Customers,Faridabad,Lv2_Visitors,Actuals," 12,422 "
2021,11,Customers,Dehradun,Lv3_Visitors,Actuals," 11,145 "
2021,11,Customers,Faridabad,Lv3_Visitors,Actuals," 11,070 "
2021,11,Customers,Ujjain,Lv3_Visitors,Actuals," 10,372 "
2021,11,Customers,Aurangabad,Lv1_Visitors,Actuals," 7,330 "
2021,11,Customers,Uddepy,Lv5_Visitors,Actuals," 7,206 "
2021,11,Customers,Faridabad,Lv4_Visitors,Actuals," 4,887 "
2021,11,Customers,Aurangabad,Lv2_Visitors,Actuals," 4,848 "
2021,11,Customers,Aurangabad,Lv3_Visitors,Actuals," 4,062 "
2021,11,Customers,Ujjain,Lv4_Visitors,Actuals," 4,006 "
2021,11,Customers,Dehradun,Lv4_Visitors,Actuals," 3,419 "
2021,11,Customers,Aurangabad,Lv4_Visitors,Actuals," 1,600 "
2021,11,Customers,Ujjain,Lv5_Visitors,Actuals," 1,473 "
2021,11,Customers,Dehradun,Lv5_Visitors,Actuals," 1,384 "
2021,11,Customers,Faridabad,Lv5_Visitors,Actuals," 1,208 "
2021,11,Customers,Aurangabad,Lv5_Visitors,Actuals, 626 
2022,11,Customers,India,Lv1_Visitors,Actuals," 441,798 "
2022,11,Customers,India,Lv2_Visitors,Actuals," 324,725 "
2022,11,Customers,India,Lv3_Visitors,Actuals," 242,252 "
2022,11,Customers,India,Lv4_Visitors,Actuals," 76,249 "
2022,11,Customers,Uddepy,Lv1_Visitors,Actuals," 74,825 "
2022,11,Customers,Faridabad,Lv1_Visitors,Actuals," 50,310 "
2022,11,Customers,Uddepy,Lv2_Visitors,Actuals," 49,526 "
2022,11,Customers,Uddepy,Lv3_Visitors,Actuals," 43,051 "
2022,11,Customers,Faridabad,Lv2_Visitors,Actuals," 36,029 "
2022,11,Customers,Faridabad,Lv3_Visitors,Actuals," 23,887 "
2022,11,Customers,Ujjain,Lv1_Visitors,Actuals," 23,174 "
2022,11,Customers,Dehradun,Lv1_Visitors,Actuals," 21,635 "
2022,11,Customers,India,Lv5_Visitors,Actuals," 19,419 "
2022,11,Customers,Uddepy,Lv4_Visitors,Actuals," 18,765 "
2022,11,Customers,Ujjain,Lv2_Visitors,Actuals," 14,742 "
2022,11,Customers,Dehradun,Lv2_Visitors,Actuals," 14,221 "
2022,11,Customers,Dehradun,Lv3_Visitors,Actuals," 9,090 "
2022,11,Customers,Ujjain,Lv3_Visitors,Actuals," 9,026 "
2022,11,Customers,Aurangabad,Lv1_Visitors,Actuals," 7,393 "
2022,11,Customers,Uddepy,Lv5_Visitors,Actuals," 6,105 "
2022,11,Customers,Faridabad,Lv4_Visitors,Actuals," 5,800 "
2022,11,Customers,Aurangabad,Lv2_Visitors,Actuals," 4,914 "
2022,11,Customers,Aurangabad,Lv3_Visitors,Actuals," 3,883 "
2022,11,Customers,Ujjain,Lv4_Visitors,Actuals," 3,661 "
2022,11,Customers,Dehradun,Lv4_Visitors,Actuals," 3,159 "
2022,11,Customers,Faridabad,Lv5_Visitors,Actuals," 1,604 "
2022,11,Customers,Aurangabad,Lv4_Visitors,Actuals," 1,507 "
2022,11,Customers,Dehradun,Lv5_Visitors,Actuals," 1,339 "
2022,11,Customers,Ujjain,Lv5_Visitors,Actuals," 1,272 "
2022,11,Customers,Aurangabad,Lv5_Visitors,Actuals, 550 
2020,10,Customers,India,Lv1_Visitors,Actuals," 772,490 "
2020,10,Customers,India,Lv3_Visitors,Actuals," 727,451 "
2020,10,Customers,India,Lv2_Visitors,Actuals," 637,049 "
2020,10,Customers,India,Lv4_Visitors,Actuals," 314,975 "
2020,10,Customers,Uddepy,Lv3_Visitors,Actuals," 125,358 "
2020,10,Customers,Uddepy,Lv1_Visitors,Actuals," 119,732 "
2020,10,Customers,Uddepy,Lv2_Visitors,Actuals," 92,728 "
2020,10,Customers,India,Lv5_Visitors,Actuals," 79,575 "
2020,10,Customers,Uddepy,Lv4_Visitors,Actuals," 55,852 "
2020,10,Customers,Dehradun,Lv1_Visitors,Actuals," 47,820 "
2020,10,Customers,Dehradun,Lv2_Visitors,Actuals," 36,835 "
2020,10,Customers,Dehradun,Lv3_Visitors,Actuals," 36,399 "
2020,10,Customers,Ujjain,Lv1_Visitors,Actuals," 35,086 "
2020,10,Customers,Faridabad,Lv3_Visitors,Actuals," 35,044 "
2020,10,Customers,Ujjain,Lv3_Visitors,Actuals," 32,147 "
2020,10,Customers,Faridabad,Lv1_Visitors,Actuals," 31,188 "
2020,10,Customers,Ujjain,Lv2_Visitors,Actuals," 27,888 "
2020,10,Customers,Faridabad,Lv2_Visitors,Actuals," 27,758 "
2020,10,Customers,Uddepy,Lv5_Visitors,Actuals," 18,062 "
2020,10,Customers,Faridabad,Lv4_Visitors,Actuals," 15,469 "
2020,10,Customers,Dehradun,Lv4_Visitors,Actuals," 14,126 "
2020,10,Customers,Ujjain,Lv4_Visitors,Actuals," 13,487 "
2020,10,Customers,Aurangabad,Lv3_Visitors,Actuals," 9,067 "
2020,10,Customers,Aurangabad,Lv1_Visitors,Actuals," 8,646 "
2020,10,Customers,Dehradun,Lv5_Visitors,Actuals," 6,599 "
2020,10,Customers,Aurangabad,Lv2_Visitors,Actuals," 6,007 "
2020,10,Customers,Faridabad,Lv5_Visitors,Actuals," 5,631 "
2020,10,Customers,Ujjain,Lv5_Visitors,Actuals," 5,277 "
2020,10,Customers,Aurangabad,Lv4_Visitors,Actuals," 3,246 "
2020,10,Customers,Aurangabad,Lv5_Visitors,Actuals," 1,363 "
2021,10,Customers,India,Lv1_Visitors,Actuals," 442,574 "
2021,10,Customers,India,Lv2_Visitors,Actuals," 303,181 "
2021,10,Customers,India,Lv3_Visitors,Actuals," 264,643 "
2021,10,Customers,Uddepy,Lv1_Visitors,Actuals," 83,485 "
2021,10,Customers,India,Lv4_Visitors,Actuals," 71,396 "
2021,10,Customers,Uddepy,Lv2_Visitors,Actuals," 52,132 "
2021,10,Customers,Uddepy,Lv3_Visitors,Actuals," 51,465 "
2021,10,Customers,Ujjain,Lv1_Visitors,Actuals," 29,901 "
2021,10,Customers,Dehradun,Lv1_Visitors,Actuals," 27,158 "
2021,10,Customers,Faridabad,Lv1_Visitors,Actuals," 25,507 "
2021,10,Customers,Uddepy,Lv4_Visitors,Actuals," 19,779 "
2021,10,Customers,Faridabad,Lv2_Visitors,Actuals," 18,677 "
2021,10,Customers,Faridabad,Lv3_Visitors,Actuals," 18,230 "
2021,10,Customers,Dehradun,Lv2_Visitors,Actuals," 17,948 "
2021,10,Customers,Ujjain,Lv2_Visitors,Actuals," 17,887 "
2021,10,Customers,India,Lv5_Visitors,Actuals," 17,315 "
2021,10,Customers,Ujjain,Lv3_Visitors,Actuals," 12,636 "
2021,10,Customers,Dehradun,Lv3_Visitors,Actuals," 11,564 "
2021,10,Customers,Aurangabad,Lv1_Visitors,Actuals," 7,952 "
2021,10,Customers,Uddepy,Lv5_Visitors,Actuals," 6,097 "
2021,10,Customers,Faridabad,Lv4_Visitors,Actuals," 5,640 "
2021,10,Customers,Aurangabad,Lv3_Visitors,Actuals," 5,422 "
2021,10,Customers,Aurangabad,Lv2_Visitors,Actuals," 5,194 "
2021,10,Customers,Ujjain,Lv4_Visitors,Actuals," 3,729 "
2021,10,Customers,Dehradun,Lv4_Visitors,Actuals," 2,838 "
2021,10,Customers,Aurangabad,Lv4_Visitors,Actuals," 1,858 "
2021,10,Customers,Ujjain,Lv5_Visitors,Actuals," 1,299 "
2021,10,Customers,Faridabad,Lv5_Visitors,Actuals," 1,241 "
2021,10,Customers,Dehradun,Lv5_Visitors,Actuals," 1,062 "
2021,10,Customers,Aurangabad,Lv5_Visitors,Actuals, 713 
2022,10,Customers,India,Lv1_Visitors,Actuals," 425,078 "
2022,10,Customers,India,Lv2_Visitors,Actuals," 303,631 "
2022,10,Customers,India,Lv3_Visitors,Actuals," 212,121 "
2022,10,Customers,Uddepy,Lv1_Visitors,Actuals," 86,584 "
2022,10,Customers,India,Lv4_Visitors,Actuals," 62,861 "
2022,10,Customers,Uddepy,Lv2_Visitors,Actuals," 58,098 "
2022,10,Customers,Uddepy,Lv3_Visitors,Actuals," 48,184 "
2022,10,Customers,Faridabad,Lv1_Visitors,Actuals," 35,913 "
2022,10,Customers,Faridabad,Lv2_Visitors,Actuals," 25,228 "
2022,10,Customers,Ujjain,Lv1_Visitors,Actuals," 20,806 "
2022,10,Customers,Uddepy,Lv4_Visitors,Actuals," 20,756 "
2022,10,Customers,Dehradun,Lv1_Visitors,Actuals," 20,327 "
2022,10,Customers,Faridabad,Lv3_Visitors,Actuals," 16,622 "
2022,10,Customers,India,Lv5_Visitors,Actuals," 15,091 "
2022,10,Customers,Ujjain,Lv2_Visitors,Actuals," 13,461 "
2022,10,Customers,Dehradun,Lv2_Visitors,Actuals," 13,201 "
2022,10,Customers,Dehradun,Lv3_Visitors,Actuals," 8,369 "
2022,10,Customers,Ujjain,Lv3_Visitors,Actuals," 7,996 "
2022,10,Customers,Aurangabad,Lv1_Visitors,Actuals," 6,955 "
2022,10,Customers,Uddepy,Lv5_Visitors,Actuals," 5,698 "
2022,10,Customers,Aurangabad,Lv2_Visitors,Actuals," 4,774 "
2022,10,Customers,Faridabad,Lv4_Visitors,Actuals," 3,951 "
2022,10,Customers,Aurangabad,Lv3_Visitors,Actuals," 3,523 "
2022,10,Customers,Ujjain,Lv4_Visitors,Actuals," 3,071 "
2022,10,Customers,Dehradun,Lv4_Visitors,Actuals," 2,915 "
2022,10,Customers,Aurangabad,Lv4_Visitors,Actuals," 1,270 "
2022,10,Customers,Faridabad,Lv5_Visitors,Actuals," 1,133 "
2022,10,Customers,Dehradun,Lv5_Visitors,Actuals," 1,092 "
2022,10,Customers,Ujjain,Lv5_Visitors,Actuals," 1,015 "
2022,10,Customers,Aurangabad,Lv5_Visitors,Actuals, 396 
2020,9,Customers,India,Lv1_Visitors,Actuals," 593,002 "
2020,9,Customers,India,Lv3_Visitors,Actuals," 548,775 "
2020,9,Customers,India,Lv2_Visitors,Actuals," 484,447 "
2020,9,Customers,India,Lv4_Visitors,Actuals," 232,430 "
2020,9,Customers,Uddepy,Lv3_Visitors,Actuals," 95,915 "
2020,9,Customers,Uddepy,Lv1_Visitors,Actuals," 92,802 "
2020,9,Customers,Uddepy,Lv2_Visitors,Actuals," 71,001 "
2020,9,Customers,India,Lv5_Visitors,Actuals," 57,406 "
2020,9,Customers,Uddepy,Lv4_Visitors,Actuals," 42,764 "
2020,9,Customers,Dehradun,Lv1_Visitors,Actuals," 32,564 "
2020,9,Customers,Faridabad,Lv3_Visitors,Actuals," 30,043 "
2020,9,Customers,Ujjain,Lv1_Visitors,Actuals," 28,630 "
2020,9,Customers,Faridabad,Lv1_Visitors,Actuals," 26,433 "
2020,9,Customers,Ujjain,Lv3_Visitors,Actuals," 24,262 "
2020,9,Customers,Dehradun,Lv2_Visitors,Actuals," 23,693 "
2020,9,Customers,Faridabad,Lv2_Visitors,Actuals," 23,132 "
2020,9,Customers,Dehradun,Lv3_Visitors,Actuals," 22,715 "
2020,9,Customers,Ujjain,Lv2_Visitors,Actuals," 22,036 "
2020,9,Customers,Uddepy,Lv5_Visitors,Actuals," 13,914 "
2020,9,Customers,Faridabad,Lv4_Visitors,Actuals," 13,455 "
2020,9,Customers,Ujjain,Lv4_Visitors,Actuals," 10,261 "
2020,9,Customers,Aurangabad,Lv1_Visitors,Actuals," 8,351 "
2020,9,Customers,Dehradun,Lv4_Visitors,Actuals," 8,174 "
2020,9,Customers,Aurangabad,Lv3_Visitors,Actuals," 7,794 "
2020,9,Customers,Aurangabad,Lv2_Visitors,Actuals," 5,766 "
2020,9,Customers,Faridabad,Lv5_Visitors,Actuals," 5,072 "
2020,9,Customers,Ujjain,Lv5_Visitors,Actuals," 4,096 "
2020,9,Customers,Dehradun,Lv5_Visitors,Actuals," 3,772 "
2020,9,Customers,Aurangabad,Lv4_Visitors,Actuals," 2,737 "
2020,9,Customers,Aurangabad,Lv5_Visitors,Actuals," 1,254 "
2021,9,Customers,India,Lv1_Visitors,Actuals," 465,658 "
2021,9,Customers,India,Lv2_Visitors,Actuals," 339,528 "
2021,9,Customers,India,Lv3_Visitors,Actuals," 322,087 "
2021,9,Customers,India,Lv4_Visitors,Actuals," 106,385 "
2021,9,Customers,Uddepy,Lv1_Visitors,Actuals," 77,209 "
2021,9,Customers,Uddepy,Lv2_Visitors,Actuals," 51,664 "
2021,9,Customers,Uddepy,Lv3_Visitors,Actuals," 50,636 "
2021,9,Customers,Faridabad,Lv1_Visitors,Actuals," 37,046 "
2021,9,Customers,Faridabad,Lv2_Visitors,Actuals," 27,023 "
2021,9,Customers,Faridabad,Lv3_Visitors,Actuals," 26,542 "
2021,9,Customers,Ujjain,Lv1_Visitors,Actuals," 25,890 "
2021,9,Customers,Dehradun,Lv1_Visitors,Actuals," 21,331 "
2021,9,Customers,Uddepy,Lv4_Visitors,Actuals," 21,041 "
2021,9,Customers,India,Lv5_Visitors,Actuals," 20,305 "
2021,9,Customers,Ujjain,Lv2_Visitors,Actuals," 14,772 "
2021,9,Customers,Dehradun,Lv2_Visitors,Actuals," 13,839 "
2021,9,Customers,Ujjain,Lv3_Visitors,Actuals," 11,513 "
2021,9,Customers,Dehradun,Lv3_Visitors,Actuals," 9,338 "
2021,9,Customers,Aurangabad,Lv1_Visitors,Actuals," 8,512 "
2021,9,Customers,Faridabad,Lv4_Visitors,Actuals," 7,702 "
2021,9,Customers,Aurangabad,Lv3_Visitors,Actuals," 7,359 "
2021,9,Customers,Aurangabad,Lv2_Visitors,Actuals," 6,089 "
2021,9,Customers,Uddepy,Lv5_Visitors,Actuals," 5,876 "
2021,9,Customers,Ujjain,Lv4_Visitors,Actuals," 3,344 "
2021,9,Customers,Aurangabad,Lv4_Visitors,Actuals," 2,935 "
2021,9,Customers,Dehradun,Lv4_Visitors,Actuals," 2,327 "
2021,9,Customers,Faridabad,Lv5_Visitors,Actuals," 1,661 "
2021,9,Customers,Aurangabad,Lv5_Visitors,Actuals," 1,195 "
2021,9,Customers,Ujjain,Lv5_Visitors,Actuals," 1,123 "
2021,9,Customers,Dehradun,Lv5_Visitors,Actuals, 867 
2022,9,Customers,India,Lv1_Visitors,Actuals," 429,564 "
2022,9,Customers,India,Lv2_Visitors,Actuals," 304,655 "
2022,9,Customers,India,Lv3_Visitors,Actuals," 204,787 "
2022,9,Customers,Uddepy,Lv1_Visitors,Actuals," 70,026 "
2022,9,Customers,India,Lv4_Visitors,Actuals," 55,889 "
2022,9,Customers,Uddepy,Lv2_Visitors,Actuals," 46,402 "
2022,9,Customers,Faridabad,Lv1_Visitors,Actuals," 41,509 "
2022,9,Customers,Uddepy,Lv3_Visitors,Actuals," 35,871 "
2022,9,Customers,Faridabad,Lv2_Visitors,Actuals," 29,292 "
2022,9,Customers,Dehradun,Lv1_Visitors,Actuals," 21,610 "
2022,9,Customers,Ujjain,Lv1_Visitors,Actuals," 20,001 "
2022,9,Customers,Faridabad,Lv3_Visitors,Actuals," 18,437 "
2022,9,Customers,Uddepy,Lv4_Visitors,Actuals," 15,342 "
2022,9,Customers,India,Lv5_Visitors,Actuals," 14,482 "
2022,9,Customers,Dehradun,Lv2_Visitors,Actuals," 14,044 "
2022,9,Customers,Ujjain,Lv2_Visitors,Actuals," 12,821 "
2022,9,Customers,Ujjain,Lv3_Visitors,Actuals," 7,224 "
2022,9,Customers,Dehradun,Lv3_Visitors,Actuals," 7,208 "
2022,9,Customers,Aurangabad,Lv1_Visitors,Actuals," 6,154 "
2022,9,Customers,Uddepy,Lv5_Visitors,Actuals," 5,069 "
2022,9,Customers,Aurangabad,Lv2_Visitors,Actuals," 4,186 "
2022,9,Customers,Faridabad,Lv4_Visitors,Actuals," 3,989 "
2022,9,Customers,Aurangabad,Lv3_Visitors,Actuals," 2,861 "
2022,9,Customers,Ujjain,Lv4_Visitors,Actuals," 2,586 "
2022,9,Customers,Dehradun,Lv4_Visitors,Actuals," 2,187 "
2022,9,Customers,Faridabad,Lv5_Visitors,Actuals," 1,216 "
2022,9,Customers,Aurangabad,Lv4_Visitors,Actuals, 996 
2022,9,Customers,Ujjain,Lv5_Visitors,Actuals, 956 
2022,9,Customers,Dehradun,Lv5_Visitors,Actuals, 873 
2022,9,Customers,Aurangabad,Lv5_Visitors,Actuals, 369 
2020,8,Customers,India,Lv1_Visitors,Actuals," 542,591 "
2020,8,Customers,India,Lv3_Visitors,Actuals," 496,709 "
2020,8,Customers,India,Lv2_Visitors,Actuals," 442,810 "
2020,8,Customers,India,Lv4_Visitors,Actuals," 202,669 "
2020,8,Customers,Uddepy,Lv1_Visitors,Actuals," 86,645 "
2020,8,Customers,Uddepy,Lv3_Visitors,Actuals," 85,549 "
2020,8,Customers,Uddepy,Lv2_Visitors,Actuals," 65,749 "
2020,8,Customers,India,Lv5_Visitors,Actuals," 46,789 "
2020,8,Customers,Uddepy,Lv4_Visitors,Actuals," 37,856 "
2020,8,Customers,Dehradun,Lv1_Visitors,Actuals," 28,161 "
2020,8,Customers,Ujjain,Lv1_Visitors,Actuals," 28,087 "
2020,8,Customers,Faridabad,Lv3_Visitors,Actuals," 27,247 "
2020,8,Customers,Faridabad,Lv1_Visitors,Actuals," 24,229 "
2020,8,Customers,Ujjain,Lv3_Visitors,Actuals," 23,095 "
2020,8,Customers,Ujjain,Lv2_Visitors,Actuals," 21,151 "
2020,8,Customers,Faridabad,Lv2_Visitors,Actuals," 21,114 "
2020,8,Customers,Dehradun,Lv2_Visitors,Actuals," 20,030 "
2020,8,Customers,Dehradun,Lv3_Visitors,Actuals," 18,890 "
2020,8,Customers,Faridabad,Lv4_Visitors,Actuals," 12,035 "
2020,8,Customers,Uddepy,Lv5_Visitors,Actuals," 11,997 "
2020,8,Customers,Ujjain,Lv4_Visitors,Actuals," 9,323 "
2020,8,Customers,Aurangabad,Lv1_Visitors,Actuals," 8,014 "
2020,8,Customers,Aurangabad,Lv3_Visitors,Actuals," 7,547 "
2020,8,Customers,Dehradun,Lv4_Visitors,Actuals," 6,283 "
2020,8,Customers,Aurangabad,Lv2_Visitors,Actuals," 5,486 "
2020,8,Customers,Faridabad,Lv5_Visitors,Actuals," 4,118 "
2020,8,Customers,Ujjain,Lv5_Visitors,Actuals," 3,662 "
2020,8,Customers,Dehradun,Lv5_Visitors,Actuals," 2,828 "
2020,8,Customers,Aurangabad,Lv4_Visitors,Actuals," 2,619 "
2020,8,Customers,Aurangabad,Lv5_Visitors,Actuals," 1,158 "
2021,8,Customers,India,Lv1_Visitors,Actuals," 502,679 "
2021,8,Customers,India,Lv2_Visitors,Actuals," 381,466 "
2021,8,Customers,India,Lv3_Visitors,Actuals," 354,660 "
2021,8,Customers,India,Lv4_Visitors,Actuals," 132,905 "
2021,8,Customers,Uddepy,Lv1_Visitors,Actuals," 78,470 "
2021,8,Customers,Uddepy,Lv2_Visitors,Actuals," 57,097 "
2021,8,Customers,Uddepy,Lv3_Visitors,Actuals," 55,958 "
2021,8,Customers,India,Lv5_Visitors,Actuals," 24,110 "
2021,8,Customers,Ujjain,Lv1_Visitors,Actuals," 23,539 "
2021,8,Customers,Faridabad,Lv1_Visitors,Actuals," 23,438 "
2021,8,Customers,Uddepy,Lv4_Visitors,Actuals," 21,924 "
2021,8,Customers,Dehradun,Lv1_Visitors,Actuals," 21,683 "
2021,8,Customers,Faridabad,Lv3_Visitors,Actuals," 18,062 "
2021,8,Customers,Faridabad,Lv2_Visitors,Actuals," 17,532 "
2021,8,Customers,Ujjain,Lv2_Visitors,Actuals," 15,037 "
2021,8,Customers,Dehradun,Lv2_Visitors,Actuals," 14,237 "
2021,8,Customers,Ujjain,Lv3_Visitors,Actuals," 13,425 "
2021,8,Customers,Dehradun,Lv3_Visitors,Actuals," 11,450 "
2021,8,Customers,Aurangabad,Lv1_Visitors,Actuals," 9,717 "
2021,8,Customers,Aurangabad,Lv3_Visitors,Actuals," 8,193 "
2021,8,Customers,Aurangabad,Lv2_Visitors,Actuals," 6,810 "
2021,8,Customers,Faridabad,Lv4_Visitors,Actuals," 6,518 "
2021,8,Customers,Uddepy,Lv5_Visitors,Actuals," 5,805 "
2021,8,Customers,Ujjain,Lv4_Visitors,Actuals," 3,988 "
2021,8,Customers,Dehradun,Lv4_Visitors,Actuals," 3,128 "
2021,8,Customers,Aurangabad,Lv4_Visitors,Actuals," 2,982 "
2021,8,Customers,Faridabad,Lv5_Visitors,Actuals," 1,494 "
2021,8,Customers,Ujjain,Lv5_Visitors,Actuals," 1,403 "
2021,8,Customers,Dehradun,Lv5_Visitors,Actuals," 1,243 "
2021,8,Customers,Aurangabad,Lv5_Visitors,Actuals," 1,195 "
2022,8,Customers,India,Lv1_Visitors,Actuals," 458,102 "
2022,8,Customers,India,Lv2_Visitors,Actuals," 321,412 "
2022,8,Customers,India,Lv3_Visitors,Actuals," 208,068 "
2022,8,Customers,Uddepy,Lv1_Visitors,Actuals," 82,943 "
2022,8,Customers,India,Lv4_Visitors,Actuals," 56,877 "
2022,8,Customers,Uddepy,Lv2_Visitors,Actuals," 52,414 "
2022,8,Customers,Faridabad,Lv1_Visitors,Actuals," 40,012 "
2022,8,Customers,Uddepy,Lv3_Visitors,Actuals," 38,497 "
2022,8,Customers,Faridabad,Lv2_Visitors,Actuals," 27,805 "
2022,8,Customers,Dehradun,Lv1_Visitors,Actuals," 26,198 "
2022,8,Customers,Ujjain,Lv1_Visitors,Actuals," 20,439 "
2022,8,Customers,Uddepy,Lv4_Visitors,Actuals," 17,238 "
2022,8,Customers,Faridabad,Lv3_Visitors,Actuals," 16,857 "
2022,8,Customers,Dehradun,Lv2_Visitors,Actuals," 16,710 "
2022,8,Customers,India,Lv5_Visitors,Actuals," 14,520 "
2022,8,Customers,Ujjain,Lv2_Visitors,Actuals," 12,936 "
2022,8,Customers,Dehradun,Lv3_Visitors,Actuals," 7,181 "
2022,8,Customers,Aurangabad,Lv1_Visitors,Actuals," 6,686 "
2022,8,Customers,Ujjain,Lv3_Visitors,Actuals," 6,642 "
2022,8,Customers,Uddepy,Lv5_Visitors,Actuals," 5,988 "
2022,8,Customers,Aurangabad,Lv2_Visitors,Actuals," 4,438 "
2022,8,Customers,Faridabad,Lv4_Visitors,Actuals," 3,325 "
2022,8,Customers,Aurangabad,Lv3_Visitors,Actuals," 2,904 "
2022,8,Customers,Ujjain,Lv4_Visitors,Actuals," 2,023 "
2022,8,Customers,Dehradun,Lv4_Visitors,Actuals," 1,661 "
2022,8,Customers,Faridabad,Lv5_Visitors,Actuals," 1,054 "
2022,8,Customers,Aurangabad,Lv4_Visitors,Actuals," 1,032 "
2022,8,Customers,Ujjain,Lv5_Visitors,Actuals, 751 
2022,8,Customers,Dehradun,Lv5_Visitors,Actuals, 732 
2022,8,Customers,Aurangabad,Lv5_Visitors,Actuals, 373 
2020,7,Customers,India,Lv1_Visitors,Actuals," 608,543 "
2020,7,Customers,India,Lv3_Visitors,Actuals," 586,669 "
2020,7,Customers,India,Lv2_Visitors,Actuals," 503,072 "
2020,7,Customers,India,Lv4_Visitors,Actuals," 242,174 "
2020,7,Customers,Uddepy,Lv3_Visitors,Actuals," 103,206 "
2020,7,Customers,Uddepy,Lv1_Visitors,Actuals," 96,475 "
2020,7,Customers,Uddepy,Lv2_Visitors,Actuals," 74,984 "
2020,7,Customers,India,Lv5_Visitors,Actuals," 58,031 "
2020,7,Customers,Uddepy,Lv4_Visitors,Actuals," 46,252 "
2020,7,Customers,Ujjain,Lv1_Visitors,Actuals," 34,373 "
2020,7,Customers,Ujjain,Lv3_Visitors,Actuals," 29,266 "
2020,7,Customers,Dehradun,Lv1_Visitors,Actuals," 28,705 "
2020,7,Customers,Faridabad,Lv3_Visitors,Actuals," 28,502 "
2020,7,Customers,Ujjain,Lv2_Visitors,Actuals," 26,285 "
2020,7,Customers,Faridabad,Lv1_Visitors,Actuals," 25,467 "
2020,7,Customers,Faridabad,Lv2_Visitors,Actuals," 22,203 "
2020,7,Customers,Dehradun,Lv2_Visitors,Actuals," 20,288 "
2020,7,Customers,Dehradun,Lv3_Visitors,Actuals," 19,025 "
2020,7,Customers,Uddepy,Lv5_Visitors,Actuals," 15,204 "
2020,7,Customers,Faridabad,Lv4_Visitors,Actuals," 13,031 "
2020,7,Customers,Ujjain,Lv4_Visitors,Actuals," 11,797 "
2020,7,Customers,Aurangabad,Lv1_Visitors,Actuals," 7,493 "
2020,7,Customers,Dehradun,Lv4_Visitors,Actuals," 6,842 "
2020,7,Customers,Aurangabad,Lv3_Visitors,Actuals," 6,830 "
2020,7,Customers,Aurangabad,Lv2_Visitors,Actuals," 5,078 "
2020,7,Customers,Ujjain,Lv5_Visitors,Actuals," 4,740 "
2020,7,Customers,Faridabad,Lv5_Visitors,Actuals," 4,602 "
2020,7,Customers,Dehradun,Lv5_Visitors,Actuals," 2,933 "
2020,7,Customers,Aurangabad,Lv4_Visitors,Actuals," 2,384 "
2020,7,Customers,Aurangabad,Lv5_Visitors,Actuals," 1,053 "
2021,7,Customers,India,Lv1_Visitors,Actuals," 535,634 "
2021,7,Customers,India,Lv3_Visitors,Actuals," 431,464 "
2021,7,Customers,India,Lv2_Visitors,Actuals," 427,893 "
2021,7,Customers,India,Lv4_Visitors,Actuals," 176,228 "
2021,7,Customers,Uddepy,Lv1_Visitors,Actuals," 79,724 "
2021,7,Customers,Uddepy,Lv3_Visitors,Actuals," 66,891 "
2021,7,Customers,Uddepy,Lv2_Visitors,Actuals," 62,012 "
2021,7,Customers,India,Lv5_Visitors,Actuals," 37,264 "
2021,7,Customers,Uddepy,Lv4_Visitors,Actuals," 29,004 "
2021,7,Customers,Dehradun,Lv1_Visitors,Actuals," 27,549 "
2021,7,Customers,Faridabad,Lv1_Visitors,Actuals," 26,842 "
2021,7,Customers,Faridabad,Lv3_Visitors,Actuals," 25,360 "
2021,7,Customers,Faridabad,Lv2_Visitors,Actuals," 21,794 "
2021,7,Customers,Ujjain,Lv1_Visitors,Actuals," 19,562 "
2021,7,Customers,Dehradun,Lv2_Visitors,Actuals," 18,994 "
2021,7,Customers,Dehradun,Lv3_Visitors,Actuals," 17,054 "
2021,7,Customers,Ujjain,Lv3_Visitors,Actuals," 15,954 "
2021,7,Customers,Ujjain,Lv2_Visitors,Actuals," 14,213 "
2021,7,Customers,Faridabad,Lv4_Visitors,Actuals," 11,767 "
2021,7,Customers,Aurangabad,Lv1_Visitors,Actuals," 10,797 "
2021,7,Customers,Uddepy,Lv5_Visitors,Actuals," 7,877 "
2021,7,Customers,Aurangabad,Lv3_Visitors,Actuals," 7,721 "
2021,7,Customers,Aurangabad,Lv2_Visitors,Actuals," 7,095 "
2021,7,Customers,Ujjain,Lv4_Visitors,Actuals," 5,838 "
2021,7,Customers,Dehradun,Lv4_Visitors,Actuals," 5,491 "
2021,7,Customers,Faridabad,Lv5_Visitors,Actuals," 3,437 "
2021,7,Customers,Aurangabad,Lv4_Visitors,Actuals," 2,742 "
2021,7,Customers,Dehradun,Lv5_Visitors,Actuals," 2,218 "
2021,7,Customers,Ujjain,Lv5_Visitors,Actuals," 2,065 "
2021,7,Customers,Aurangabad,Lv5_Visitors,Actuals," 1,025 "
2022,7,Customers,India,Lv1_Visitors,Actuals," 464,734 "
2022,7,Customers,India,Lv2_Visitors,Actuals," 317,857 "
2022,7,Customers,India,Lv3_Visitors,Actuals," 197,043 "
2022,7,Customers,Uddepy,Lv1_Visitors,Actuals," 86,412 "
2022,7,Customers,India,Lv4_Visitors,Actuals," 57,146 "
2022,7,Customers,Uddepy,Lv2_Visitors,Actuals," 51,433 "
2022,7,Customers,Dehradun,Lv1_Visitors,Actuals," 42,397 "
2022,7,Customers,Uddepy,Lv3_Visitors,Actuals," 36,708 "
2022,7,Customers,Dehradun,Lv2_Visitors,Actuals," 28,655 "
2022,7,Customers,Faridabad,Lv1_Visitors,Actuals," 27,779 "
2022,7,Customers,Ujjain,Lv1_Visitors,Actuals," 21,397 "
2022,7,Customers,Faridabad,Lv2_Visitors,Actuals," 18,449 "
2022,7,Customers,Uddepy,Lv4_Visitors,Actuals," 15,578 "
2022,7,Customers,Dehradun,Lv3_Visitors,Actuals," 14,537 "
2022,7,Customers,Ujjain,Lv2_Visitors,Actuals," 13,633 "
2022,7,Customers,India,Lv5_Visitors,Actuals," 13,320 "
2022,7,Customers,Faridabad,Lv3_Visitors,Actuals," 10,827 "
2022,7,Customers,Ujjain,Lv3_Visitors,Actuals," 7,714 "
2022,7,Customers,Aurangabad,Lv1_Visitors,Actuals," 6,395 "
2022,7,Customers,Dehradun,Lv4_Visitors,Actuals," 5,392 "
2022,7,Customers,Uddepy,Lv5_Visitors,Actuals," 5,168 "
2022,7,Customers,Aurangabad,Lv2_Visitors,Actuals," 4,218 "
2022,7,Customers,Ujjain,Lv4_Visitors,Actuals," 3,195 "
2022,7,Customers,Faridabad,Lv4_Visitors,Actuals," 3,001 "
2022,7,Customers,Aurangabad,Lv3_Visitors,Actuals," 2,872 "
2022,7,Customers,Aurangabad,Lv4_Visitors,Actuals, 989 
2022,7,Customers,Ujjain,Lv5_Visitors,Actuals, 888 
2022,7,Customers,Dehradun,Lv5_Visitors,Actuals, 799 
2022,7,Customers,Faridabad,Lv5_Visitors,Actuals, 727 
2022,7,Customers,Aurangabad,Lv5_Visitors,Actuals, 392 
2020,6,Customers,India,Lv1_Visitors,Actuals," 674,950 "
2020,6,Customers,India,Lv3_Visitors,Actuals," 660,336 "
2020,6,Customers,India,Lv2_Visitors,Actuals," 563,120 "
2020,6,Customers,India,Lv4_Visitors,Actuals," 283,435 "
2020,6,Customers,Uddepy,Lv3_Visitors,Actuals," 123,188 "
2020,6,Customers,Uddepy,Lv1_Visitors,Actuals," 114,004 "
2020,6,Customers,Uddepy,Lv2_Visitors,Actuals," 88,521 "
2020,6,Customers,India,Lv5_Visitors,Actuals," 68,942 "
2020,6,Customers,Uddepy,Lv4_Visitors,Actuals," 58,333 "
2020,6,Customers,Ujjain,Lv1_Visitors,Actuals," 35,549 "
2020,6,Customers,Dehradun,Lv1_Visitors,Actuals," 35,113 "
2020,6,Customers,Faridabad,Lv3_Visitors,Actuals," 33,011 "
2020,6,Customers,Ujjain,Lv3_Visitors,Actuals," 32,585 "
2020,6,Customers,Faridabad,Lv1_Visitors,Actuals," 28,086 "
2020,6,Customers,Ujjain,Lv2_Visitors,Actuals," 27,333 "
2020,6,Customers,Dehradun,Lv2_Visitors,Actuals," 25,923 "
2020,6,Customers,Faridabad,Lv2_Visitors,Actuals," 24,920 "
2020,6,Customers,Dehradun,Lv3_Visitors,Actuals," 24,703 "
2020,6,Customers,Uddepy,Lv5_Visitors,Actuals," 19,505 "
2020,6,Customers,Faridabad,Lv4_Visitors,Actuals," 15,467 "
2020,6,Customers,Ujjain,Lv4_Visitors,Actuals," 12,419 "
2020,6,Customers,Dehradun,Lv4_Visitors,Actuals," 8,814 "
2020,6,Customers,Aurangabad,Lv1_Visitors,Actuals," 6,926 "
2020,6,Customers,Aurangabad,Lv3_Visitors,Actuals," 6,522 "
2020,6,Customers,Faridabad,Lv5_Visitors,Actuals," 5,416 "
2020,6,Customers,Ujjain,Lv5_Visitors,Actuals," 5,185 "
2020,6,Customers,Aurangabad,Lv2_Visitors,Actuals," 4,849 "
2020,6,Customers,Dehradun,Lv5_Visitors,Actuals," 4,031 "
2020,6,Customers,Aurangabad,Lv4_Visitors,Actuals," 2,148 "
2020,6,Customers,Aurangabad,Lv5_Visitors,Actuals, 892 
2021,6,Customers,India,Lv1_Visitors,Actuals," 563,598 "
2021,6,Customers,India,Lv3_Visitors,Actuals," 469,601 "
2021,6,Customers,India,Lv2_Visitors,Actuals," 449,360 "
2021,6,Customers,India,Lv4_Visitors,Actuals," 187,122 "
2021,6,Customers,Uddepy,Lv1_Visitors,Actuals," 71,717 "
2021,6,Customers,Uddepy,Lv3_Visitors,Actuals," 60,153 "
2021,6,Customers,Uddepy,Lv2_Visitors,Actuals," 52,803 "
2021,6,Customers,India,Lv5_Visitors,Actuals," 40,750 "
2021,6,Customers,Faridabad,Lv1_Visitors,Actuals," 30,022 "
2021,6,Customers,Dehradun,Lv1_Visitors,Actuals," 28,888 "
2021,6,Customers,Faridabad,Lv3_Visitors,Actuals," 28,045 "
2021,6,Customers,Uddepy,Lv4_Visitors,Actuals," 24,222 "
2021,6,Customers,Faridabad,Lv2_Visitors,Actuals," 24,111 "
2021,6,Customers,Dehradun,Lv2_Visitors,Actuals," 20,228 "
2021,6,Customers,Ujjain,Lv1_Visitors,Actuals," 19,866 "
2021,6,Customers,Dehradun,Lv3_Visitors,Actuals," 17,900 "
2021,6,Customers,Ujjain,Lv3_Visitors,Actuals," 16,700 "
2021,6,Customers,Ujjain,Lv2_Visitors,Actuals," 14,395 "
2021,6,Customers,Faridabad,Lv4_Visitors,Actuals," 13,571 "
2021,6,Customers,Aurangabad,Lv1_Visitors,Actuals," 7,907 "
2021,6,Customers,Aurangabad,Lv3_Visitors,Actuals," 7,082 "
2021,6,Customers,Uddepy,Lv5_Visitors,Actuals," 7,069 "
2021,6,Customers,Ujjain,Lv4_Visitors,Actuals," 6,382 "
2021,6,Customers,Dehradun,Lv4_Visitors,Actuals," 5,807 "
2021,6,Customers,Aurangabad,Lv2_Visitors,Actuals," 5,762 "
2021,6,Customers,Faridabad,Lv5_Visitors,Actuals," 4,041 "
2021,6,Customers,Aurangabad,Lv4_Visitors,Actuals," 2,509 "
2021,6,Customers,Ujjain,Lv5_Visitors,Actuals," 2,362 "
2021,6,Customers,Dehradun,Lv5_Visitors,Actuals," 2,313 "
2021,6,Customers,Aurangabad,Lv5_Visitors,Actuals, 964 
2022,6,Customers,India,Lv1_Visitors,Actuals," 506,023 "
2022,6,Customers,India,Lv2_Visitors,Actuals," 325,564 "
2022,6,Customers,India,Lv3_Visitors,Actuals," 192,385 "
2022,6,Customers,Uddepy,Lv1_Visitors,Actuals," 119,905 "
2022,6,Customers,Uddepy,Lv2_Visitors,Actuals," 57,499 "
2022,6,Customers,India,Lv4_Visitors,Actuals," 46,953 "
2022,6,Customers,Uddepy,Lv3_Visitors,Actuals," 37,630 "
2022,6,Customers,Dehradun,Lv1_Visitors,Actuals," 36,346 "
2022,6,Customers,Ujjain,Lv1_Visitors,Actuals," 30,060 "
2022,6,Customers,Faridabad,Lv1_Visitors,Actuals," 25,057 "
2022,6,Customers,Dehradun,Lv2_Visitors,Actuals," 23,356 "
2022,6,Customers,Ujjain,Lv2_Visitors,Actuals," 17,562 "
2022,6,Customers,Faridabad,Lv2_Visitors,Actuals," 16,486 "
2022,6,Customers,Uddepy,Lv4_Visitors,Actuals," 15,733 "
2022,6,Customers,India,Lv5_Visitors,Actuals," 12,702 "
2022,6,Customers,Faridabad,Lv3_Visitors,Actuals," 10,090 "
2022,6,Customers,Dehradun,Lv3_Visitors,Actuals," 10,069 "
2022,6,Customers,Ujjain,Lv3_Visitors,Actuals," 7,493 "
2022,6,Customers,Aurangabad,Lv1_Visitors,Actuals," 7,252 "
2022,6,Customers,Uddepy,Lv5_Visitors,Actuals," 5,112 "
2022,6,Customers,Aurangabad,Lv2_Visitors,Actuals," 4,714 "
2022,6,Customers,Aurangabad,Lv3_Visitors,Actuals," 3,074 "
2022,6,Customers,Dehradun,Lv4_Visitors,Actuals," 2,655 "
2022,6,Customers,Faridabad,Lv4_Visitors,Actuals," 2,640 "
2022,6,Customers,Ujjain,Lv4_Visitors,Actuals," 1,803 "
2022,6,Customers,Aurangabad,Lv4_Visitors,Actuals, 949 
2022,6,Customers,Dehradun,Lv5_Visitors,Actuals, 865 
2022,6,Customers,Faridabad,Lv5_Visitors,Actuals, 760 
2022,6,Customers,Ujjain,Lv5_Visitors,Actuals, 629 
2022,6,Customers,Aurangabad,Lv5_Visitors,Actuals, 358 
2020,5,Customers,India,Lv3_Visitors,Actuals," 714,014 "
2020,5,Customers,India,Lv1_Visitors,Actuals," 710,544 "
2020,5,Customers,India,Lv2_Visitors,Actuals," 590,422 "
2020,5,Customers,India,Lv4_Visitors,Actuals," 320,300 "
2020,5,Customers,Uddepy,Lv3_Visitors,Actuals," 142,950 "
2020,5,Customers,Uddepy,Lv1_Visitors,Actuals," 135,391 "
2020,5,Customers,Uddepy,Lv2_Visitors,Actuals," 104,827 "
2020,5,Customers,India,Lv5_Visitors,Actuals," 76,806 "
2020,5,Customers,Uddepy,Lv4_Visitors,Actuals," 69,401 "
2020,5,Customers,Faridabad,Lv3_Visitors,Actuals," 46,064 "
2020,5,Customers,Ujjain,Lv3_Visitors,Actuals," 35,947 "
2020,5,Customers,Faridabad,Lv1_Visitors,Actuals," 35,920 "
2020,5,Customers,Ujjain,Lv1_Visitors,Actuals," 33,979 "
2020,5,Customers,Dehradun,Lv1_Visitors,Actuals," 33,688 "
2020,5,Customers,Faridabad,Lv2_Visitors,Actuals," 32,196 "
2020,5,Customers,Dehradun,Lv3_Visitors,Actuals," 27,810 "
2020,5,Customers,Ujjain,Lv2_Visitors,Actuals," 27,147 "
2020,5,Customers,Dehradun,Lv2_Visitors,Actuals," 25,041 "
2020,5,Customers,Uddepy,Lv5_Visitors,Actuals," 23,213 "
2020,5,Customers,Faridabad,Lv4_Visitors,Actuals," 23,011 "
2020,5,Customers,Ujjain,Lv4_Visitors,Actuals," 13,944 "
2020,5,Customers,Dehradun,Lv4_Visitors,Actuals," 9,844 "
2020,5,Customers,Aurangabad,Lv1_Visitors,Actuals," 7,747 "
2020,5,Customers,Aurangabad,Lv3_Visitors,Actuals," 7,417 "
2020,5,Customers,Faridabad,Lv5_Visitors,Actuals," 7,226 "
2020,5,Customers,Ujjain,Lv5_Visitors,Actuals," 5,413 "
2020,5,Customers,Aurangabad,Lv2_Visitors,Actuals," 5,298 "
2020,5,Customers,Dehradun,Lv5_Visitors,Actuals," 4,143 "
2020,5,Customers,Aurangabad,Lv4_Visitors,Actuals," 2,514 "
2020,5,Customers,Aurangabad,Lv5_Visitors,Actuals," 1,011 "
2021,5,Customers,India,Lv1_Visitors,Actuals," 608,351 "
2021,5,Customers,India,Lv3_Visitors,Actuals," 513,130 "
2021,5,Customers,India,Lv2_Visitors,Actuals," 492,346 "
2021,5,Customers,India,Lv4_Visitors,Actuals," 200,638 "
2021,5,Customers,Uddepy,Lv1_Visitors,Actuals," 89,920 "
2021,5,Customers,Uddepy,Lv3_Visitors,Actuals," 81,461 "
2021,5,Customers,Uddepy,Lv2_Visitors,Actuals," 67,111 "
2021,5,Customers,India,Lv5_Visitors,Actuals," 45,563 "
2021,5,Customers,Uddepy,Lv4_Visitors,Actuals," 37,026 "
2021,5,Customers,Dehradun,Lv1_Visitors,Actuals," 29,661 "
2021,5,Customers,Ujjain,Lv1_Visitors,Actuals," 23,661 "
2021,5,Customers,Faridabad,Lv3_Visitors,Actuals," 23,359 "
2021,5,Customers,Faridabad,Lv1_Visitors,Actuals," 22,558 "
2021,5,Customers,Dehradun,Lv3_Visitors,Actuals," 22,124 "
2021,5,Customers,Dehradun,Lv2_Visitors,Actuals," 21,942 "
2021,5,Customers,Ujjain,Lv3_Visitors,Actuals," 20,717 "
2021,5,Customers,Faridabad,Lv2_Visitors,Actuals," 19,319 "
2021,5,Customers,Ujjain,Lv2_Visitors,Actuals," 17,270 "
2021,5,Customers,Faridabad,Lv4_Visitors,Actuals," 12,594 "
2021,5,Customers,Uddepy,Lv5_Visitors,Actuals," 10,738 "
2021,5,Customers,Ujjain,Lv4_Visitors,Actuals," 8,382 "
2021,5,Customers,Dehradun,Lv4_Visitors,Actuals," 7,788 "
2021,5,Customers,Aurangabad,Lv1_Visitors,Actuals," 7,684 "
2021,5,Customers,Aurangabad,Lv3_Visitors,Actuals," 6,936 "
2021,5,Customers,Aurangabad,Lv2_Visitors,Actuals," 5,520 "
2021,5,Customers,Faridabad,Lv5_Visitors,Actuals," 3,315 "
2021,5,Customers,Dehradun,Lv5_Visitors,Actuals," 3,119 "
2021,5,Customers,Ujjain,Lv5_Visitors,Actuals," 3,006 "
2021,5,Customers,Aurangabad,Lv4_Visitors,Actuals," 2,452 "
2021,5,Customers,Aurangabad,Lv5_Visitors,Actuals, 904 
2022,5,Customers,India,Lv1_Visitors,Actuals," 504,390 "
2022,5,Customers,India,Lv2_Visitors,Actuals," 341,611 "
2022,5,Customers,India,Lv3_Visitors,Actuals," 202,931 "
2022,5,Customers,Uddepy,Lv1_Visitors,Actuals," 93,492 "
2022,5,Customers,India,Lv4_Visitors,Actuals," 57,948 "
2022,5,Customers,Uddepy,Lv2_Visitors,Actuals," 51,787 "
2022,5,Customers,Uddepy,Lv3_Visitors,Actuals," 37,397 "
2022,5,Customers,Dehradun,Lv1_Visitors,Actuals," 37,111 "
2022,5,Customers,Ujjain,Lv1_Visitors,Actuals," 32,742 "
2022,5,Customers,Faridabad,Lv1_Visitors,Actuals," 26,619 "
2022,5,Customers,Dehradun,Lv2_Visitors,Actuals," 23,787 "
2022,5,Customers,Ujjain,Lv2_Visitors,Actuals," 18,877 "
2022,5,Customers,Faridabad,Lv2_Visitors,Actuals," 17,841 "
2022,5,Customers,Uddepy,Lv4_Visitors,Actuals," 15,859 "
2022,5,Customers,India,Lv5_Visitors,Actuals," 14,950 "
2022,5,Customers,Faridabad,Lv3_Visitors,Actuals," 12,556 "
2022,5,Customers,Dehradun,Lv3_Visitors,Actuals," 9,661 "
2022,5,Customers,Ujjain,Lv3_Visitors,Actuals," 8,453 "
2022,5,Customers,Aurangabad,Lv1_Visitors,Actuals," 7,223 "
2022,5,Customers,Uddepy,Lv5_Visitors,Actuals," 5,225 "
2022,5,Customers,Aurangabad,Lv2_Visitors,Actuals," 4,698 "
2022,5,Customers,Faridabad,Lv4_Visitors,Actuals," 3,749 "
2022,5,Customers,Aurangabad,Lv3_Visitors,Actuals," 3,224 "
2022,5,Customers,Dehradun,Lv4_Visitors,Actuals," 2,705 "
2022,5,Customers,Ujjain,Lv4_Visitors,Actuals," 2,531 "
2022,5,Customers,Aurangabad,Lv4_Visitors,Actuals," 1,180 "
2022,5,Customers,Dehradun,Lv5_Visitors,Actuals," 1,171 "
2022,5,Customers,Faridabad,Lv5_Visitors,Actuals, 964 
2022,5,Customers,Ujjain,Lv5_Visitors,Actuals, 899 
2022,5,Customers,Aurangabad,Lv5_Visitors,Actuals, 431 
2020,4,Customers,India,Lv1_Visitors,Actuals," 689,114 "
2020,4,Customers,India,Lv3_Visitors,Actuals," 643,474 "
2020,4,Customers,India,Lv2_Visitors,Actuals," 554,469 "
2020,4,Customers,India,Lv4_Visitors,Actuals," 287,979 "
2020,4,Customers,Uddepy,Lv1_Visitors,Actuals," 163,816 "
2020,4,Customers,Uddepy,Lv3_Visitors,Actuals," 145,075 "
2020,4,Customers,Uddepy,Lv2_Visitors,Actuals," 121,829 "
2020,4,Customers,India,Lv5_Visitors,Actuals," 69,648 "
2020,4,Customers,Uddepy,Lv4_Visitors,Actuals," 68,321 "
2020,4,Customers,Dehradun,Lv1_Visitors,Actuals," 39,096 "
2020,4,Customers,Dehradun,Lv3_Visitors,Actuals," 34,937 "
2020,4,Customers,Ujjain,Lv1_Visitors,Actuals," 30,368 "
2020,4,Customers,Ujjain,Lv3_Visitors,Actuals," 28,597 "
2020,4,Customers,Dehradun,Lv2_Visitors,Actuals," 28,135 "
2020,4,Customers,Faridabad,Lv3_Visitors,Actuals," 26,716 "
2020,4,Customers,Ujjain,Lv2_Visitors,Actuals," 23,363 "
2020,4,Customers,Uddepy,Lv5_Visitors,Actuals," 23,029 "
2020,4,Customers,Faridabad,Lv1_Visitors,Actuals," 21,188 "
2020,4,Customers,Faridabad,Lv2_Visitors,Actuals," 18,895 "
2020,4,Customers,Faridabad,Lv4_Visitors,Actuals," 13,023 "
2020,4,Customers,Dehradun,Lv4_Visitors,Actuals," 12,653 "
2020,4,Customers,Ujjain,Lv4_Visitors,Actuals," 12,107 "
2020,4,Customers,Aurangabad,Lv3_Visitors,Actuals," 9,040 "
2020,4,Customers,Aurangabad,Lv1_Visitors,Actuals," 8,719 "
2020,4,Customers,Aurangabad,Lv2_Visitors,Actuals," 6,101 "
2020,4,Customers,Dehradun,Lv5_Visitors,Actuals," 5,726 "
2020,4,Customers,Ujjain,Lv5_Visitors,Actuals," 4,641 "
2020,4,Customers,Faridabad,Lv5_Visitors,Actuals," 4,045 "
2020,4,Customers,Aurangabad,Lv4_Visitors,Actuals," 3,011 "
2020,4,Customers,Aurangabad,Lv5_Visitors,Actuals," 1,297 "
2021,4,Customers,India,Lv1_Visitors,Actuals," 642,725 "
2021,4,Customers,India,Lv3_Visitors,Actuals," 530,740 "
2021,4,Customers,India,Lv2_Visitors,Actuals," 520,986 "
2021,4,Customers,India,Lv4_Visitors,Actuals," 220,736 "
2021,4,Customers,Uddepy,Lv1_Visitors,Actuals," 95,257 "
2021,4,Customers,Uddepy,Lv3_Visitors,Actuals," 85,567 "
2021,4,Customers,Uddepy,Lv2_Visitors,Actuals," 72,009 "
2021,4,Customers,India,Lv5_Visitors,Actuals," 57,046 "
2021,4,Customers,Uddepy,Lv4_Visitors,Actuals," 39,888 "
2021,4,Customers,Faridabad,Lv1_Visitors,Actuals," 34,755 "
2021,4,Customers,Faridabad,Lv3_Visitors,Actuals," 34,354 "
2021,4,Customers,Dehradun,Lv1_Visitors,Actuals," 31,473 "
2021,4,Customers,Faridabad,Lv2_Visitors,Actuals," 29,465 "
2021,4,Customers,Ujjain,Lv1_Visitors,Actuals," 25,263 "
2021,4,Customers,Dehradun,Lv2_Visitors,Actuals," 23,330 "
2021,4,Customers,Ujjain,Lv3_Visitors,Actuals," 21,441 "
2021,4,Customers,Dehradun,Lv3_Visitors,Actuals," 21,369 "
2021,4,Customers,Ujjain,Lv2_Visitors,Actuals," 18,713 "
2021,4,Customers,Faridabad,Lv4_Visitors,Actuals," 17,514 "
2021,4,Customers,Uddepy,Lv5_Visitors,Actuals," 12,664 "
2021,4,Customers,Ujjain,Lv4_Visitors,Actuals," 9,666 "
2021,4,Customers,Dehradun,Lv4_Visitors,Actuals," 7,984 "
2021,4,Customers,Aurangabad,Lv1_Visitors,Actuals," 7,409 "
2021,4,Customers,Aurangabad,Lv3_Visitors,Actuals," 6,542 "
2021,4,Customers,Faridabad,Lv5_Visitors,Actuals," 6,243 "
2021,4,Customers,Aurangabad,Lv2_Visitors,Actuals," 5,338 "
2021,4,Customers,Ujjain,Lv5_Visitors,Actuals," 3,854 "
2021,4,Customers,Dehradun,Lv5_Visitors,Actuals," 3,521 "
2021,4,Customers,Aurangabad,Lv4_Visitors,Actuals," 2,531 "
2021,4,Customers,Aurangabad,Lv5_Visitors,Actuals," 1,032 "
2022,4,Customers,India,Lv1_Visitors,Actuals," 472,128 "
2022,4,Customers,India,Lv2_Visitors,Actuals," 332,458 "
2022,4,Customers,India,Lv3_Visitors,Actuals," 217,902 "
2022,4,Customers,Uddepy,Lv1_Visitors,Actuals," 97,503 "
2022,4,Customers,India,Lv4_Visitors,Actuals," 76,645 "
2022,4,Customers,Uddepy,Lv2_Visitors,Actuals," 56,080 "
2022,4,Customers,Uddepy,Lv3_Visitors,Actuals," 42,747 "
2022,4,Customers,Faridabad,Lv1_Visitors,Actuals," 25,257 "
2022,4,Customers,Dehradun,Lv1_Visitors,Actuals," 23,578 "
2022,4,Customers,Ujjain,Lv1_Visitors,Actuals," 21,800 "
2022,4,Customers,Uddepy,Lv4_Visitors,Actuals," 18,540 "
2022,4,Customers,India,Lv5_Visitors,Actuals," 17,271 "
2022,4,Customers,Faridabad,Lv2_Visitors,Actuals," 17,172 "
2022,4,Customers,Dehradun,Lv2_Visitors,Actuals," 15,820 "
2022,4,Customers,Faridabad,Lv3_Visitors,Actuals," 14,053 "
2022,4,Customers,Ujjain,Lv2_Visitors,Actuals," 13,483 "
2022,4,Customers,Dehradun,Lv3_Visitors,Actuals," 9,171 "
2022,4,Customers,Ujjain,Lv3_Visitors,Actuals," 8,469 "
2022,4,Customers,Uddepy,Lv5_Visitors,Actuals," 6,462 "
2022,4,Customers,Aurangabad,Lv1_Visitors,Actuals," 6,379 "
2022,4,Customers,Faridabad,Lv4_Visitors,Actuals," 4,553 "
2022,4,Customers,Aurangabad,Lv2_Visitors,Actuals," 4,183 "
2022,4,Customers,Ujjain,Lv4_Visitors,Actuals," 3,145 "
2022,4,Customers,Aurangabad,Lv3_Visitors,Actuals," 3,053 "
2022,4,Customers,Dehradun,Lv4_Visitors,Actuals," 2,822 "
2022,4,Customers,Aurangabad,Lv4_Visitors,Actuals," 1,216 "
2022,4,Customers,Dehradun,Lv5_Visitors,Actuals," 1,117 "
2022,4,Customers,Faridabad,Lv5_Visitors,Actuals," 1,049 "
2022,4,Customers,Ujjain,Lv5_Visitors,Actuals, 988 
2022,4,Customers,Aurangabad,Lv5_Visitors,Actuals, 490 
2020,3,Customers,India,Lv1_Visitors,Actuals," 518,074 "
2020,3,Customers,India,Lv3_Visitors,Actuals," 506,752 "
2020,3,Customers,India,Lv2_Visitors,Actuals," 413,482 "
2020,3,Customers,India,Lv4_Visitors,Actuals," 223,810 "
2020,3,Customers,Uddepy,Lv3_Visitors,Actuals," 104,662 "
2020,3,Customers,Uddepy,Lv1_Visitors,Actuals," 97,626 "
2020,3,Customers,Uddepy,Lv2_Visitors,Actuals," 71,323 "
2020,3,Customers,India,Lv5_Visitors,Actuals," 54,447 "
2020,3,Customers,Uddepy,Lv4_Visitors,Actuals," 46,068 "
2020,3,Customers,Dehradun,Lv1_Visitors,Actuals," 33,394 "
2020,3,Customers,Dehradun,Lv3_Visitors,Actuals," 30,583 "
2020,3,Customers,Ujjain,Lv1_Visitors,Actuals," 28,233 "
2020,3,Customers,Ujjain,Lv3_Visitors,Actuals," 27,495 "
2020,3,Customers,Dehradun,Lv2_Visitors,Actuals," 24,084 "
2020,3,Customers,Ujjain,Lv2_Visitors,Actuals," 21,527 "
2020,3,Customers,Faridabad,Lv3_Visitors,Actuals," 19,981 "
2020,3,Customers,Uddepy,Lv5_Visitors,Actuals," 15,527 "
2020,3,Customers,Faridabad,Lv1_Visitors,Actuals," 15,489 "
2020,3,Customers,Faridabad,Lv2_Visitors,Actuals," 13,902 "
2020,3,Customers,Ujjain,Lv4_Visitors,Actuals," 11,417 "
2020,3,Customers,Dehradun,Lv4_Visitors,Actuals," 10,855 "
2020,3,Customers,Faridabad,Lv4_Visitors,Actuals," 9,446 "
2020,3,Customers,Aurangabad,Lv1_Visitors,Actuals," 7,660 "
2020,3,Customers,Aurangabad,Lv3_Visitors,Actuals," 7,194 "
2020,3,Customers,Dehradun,Lv5_Visitors,Actuals," 5,186 "
2020,3,Customers,Aurangabad,Lv2_Visitors,Actuals," 5,007 "
2020,3,Customers,Ujjain,Lv5_Visitors,Actuals," 4,060 "
2020,3,Customers,Faridabad,Lv5_Visitors,Actuals," 2,949 "
2020,3,Customers,Aurangabad,Lv4_Visitors,Actuals," 2,235 "
2020,3,Customers,Aurangabad,Lv5_Visitors,Actuals, 942 
2021,3,Customers,India,Lv1_Visitors,Actuals," 785,903 "
2021,3,Customers,India,Lv2_Visitors,Actuals," 648,832 "
2021,3,Customers,India,Lv3_Visitors,Actuals," 637,409 "
2021,3,Customers,India,Lv4_Visitors,Actuals," 294,676 "
2021,3,Customers,Uddepy,Lv1_Visitors,Actuals," 118,728 "
2021,3,Customers,Uddepy,Lv3_Visitors,Actuals," 95,630 "
2021,3,Customers,Uddepy,Lv2_Visitors,Actuals," 92,883 "
2021,3,Customers,India,Lv5_Visitors,Actuals," 86,465 "
2021,3,Customers,Uddepy,Lv4_Visitors,Actuals," 45,909 "
2021,3,Customers,Faridabad,Lv1_Visitors,Actuals," 41,080 "
2021,3,Customers,Dehradun,Lv1_Visitors,Actuals," 40,998 "
2021,3,Customers,Ujjain,Lv1_Visitors,Actuals," 38,575 "
2021,3,Customers,Faridabad,Lv3_Visitors,Actuals," 38,476 "
2021,3,Customers,Faridabad,Lv2_Visitors,Actuals," 35,243 "
2021,3,Customers,Ujjain,Lv3_Visitors,Actuals," 32,802 "
2021,3,Customers,Dehradun,Lv2_Visitors,Actuals," 31,428 "
2021,3,Customers,Ujjain,Lv2_Visitors,Actuals," 30,287 "
2021,3,Customers,Dehradun,Lv3_Visitors,Actuals," 29,002 "
2021,3,Customers,Faridabad,Lv4_Visitors,Actuals," 21,310 "
2021,3,Customers,Ujjain,Lv4_Visitors,Actuals," 17,320 "
2021,3,Customers,Uddepy,Lv5_Visitors,Actuals," 16,903 "
2021,3,Customers,Dehradun,Lv4_Visitors,Actuals," 13,240 "
2021,3,Customers,Aurangabad,Lv1_Visitors,Actuals," 11,162 "
2021,3,Customers,Aurangabad,Lv3_Visitors,Actuals," 9,050 "
2021,3,Customers,Faridabad,Lv5_Visitors,Actuals," 8,543 "
2021,3,Customers,Aurangabad,Lv2_Visitors,Actuals," 8,459 "
2021,3,Customers,Ujjain,Lv5_Visitors,Actuals," 7,807 "
2021,3,Customers,Dehradun,Lv5_Visitors,Actuals," 6,608 "
2021,3,Customers,Aurangabad,Lv4_Visitors,Actuals," 4,108 "
2021,3,Customers,Aurangabad,Lv5_Visitors,Actuals," 1,760 "
2022,3,Customers,India,Lv1_Visitors,Actuals," 578,083 "
2022,3,Customers,India,Lv2_Visitors,Actuals," 400,451 "
2022,3,Customers,India,Lv3_Visitors,Actuals," 254,235 "
2022,3,Customers,Uddepy,Lv1_Visitors,Actuals," 105,943 "
2022,3,Customers,India,Lv4_Visitors,Actuals," 91,699 "
2022,3,Customers,Uddepy,Lv2_Visitors,Actuals," 60,996 "
2022,3,Customers,Uddepy,Lv3_Visitors,Actuals," 44,826 "
2022,3,Customers,Faridabad,Lv1_Visitors,Actuals," 43,481 "
2022,3,Customers,Dehradun,Lv1_Visitors,Actuals," 36,744 "
2022,3,Customers,Ujjain,Lv1_Visitors,Actuals," 31,045 "
2022,3,Customers,Faridabad,Lv2_Visitors,Actuals," 29,707 "
2022,3,Customers,Faridabad,Lv3_Visitors,Actuals," 23,095 "
2022,3,Customers,Dehradun,Lv2_Visitors,Actuals," 22,455 "
2022,3,Customers,Uddepy,Lv4_Visitors,Actuals," 21,724 "
2022,3,Customers,India,Lv5_Visitors,Actuals," 20,266 "
2022,3,Customers,Ujjain,Lv2_Visitors,Actuals," 17,745 "
2022,3,Customers,Ujjain,Lv3_Visitors,Actuals," 10,658 "
2022,3,Customers,Dehradun,Lv3_Visitors,Actuals," 9,977 "
2022,3,Customers,Aurangabad,Lv1_Visitors,Actuals," 7,492 "
2022,3,Customers,Uddepy,Lv5_Visitors,Actuals," 7,110 "
2022,3,Customers,Faridabad,Lv4_Visitors,Actuals," 5,967 "
2022,3,Customers,Aurangabad,Lv2_Visitors,Actuals," 4,721 "
2022,3,Customers,Aurangabad,Lv3_Visitors,Actuals," 3,627 "
2022,3,Customers,Ujjain,Lv4_Visitors,Actuals," 3,172 "
2022,3,Customers,Dehradun,Lv4_Visitors,Actuals," 2,913 "
2022,3,Customers,Faridabad,Lv5_Visitors,Actuals," 1,524 "
2022,3,Customers,Aurangabad,Lv4_Visitors,Actuals," 1,381 "
2022,3,Customers,Dehradun,Lv5_Visitors,Actuals," 1,231 "
2022,3,Customers,Ujjain,Lv5_Visitors,Actuals," 1,065 "
2022,3,Customers,Aurangabad,Lv5_Visitors,Actuals, 487 
2020,2,Customers,India,Lv1_Visitors,Actuals," 461,165 "
2020,2,Customers,India,Lv3_Visitors,Actuals," 437,011 "
2020,2,Customers,India,Lv2_Visitors,Actuals," 361,914 "
2020,2,Customers,India,Lv4_Visitors,Actuals," 187,240 "
2020,2,Customers,Uddepy,Lv3_Visitors,Actuals," 104,158 "
2020,2,Customers,Uddepy,Lv1_Visitors,Actuals," 102,187 "
2020,2,Customers,Uddepy,Lv2_Visitors,Actuals," 72,670 "
2020,2,Customers,Uddepy,Lv4_Visitors,Actuals," 47,436 "
2020,2,Customers,India,Lv5_Visitors,Actuals," 45,722 "
2020,2,Customers,Ujjain,Lv1_Visitors,Actuals," 25,606 "
2020,2,Customers,Dehradun,Lv1_Visitors,Actuals," 24,712 "
2020,2,Customers,Ujjain,Lv3_Visitors,Actuals," 24,356 "
2020,2,Customers,Dehradun,Lv3_Visitors,Actuals," 21,917 "
2020,2,Customers,Ujjain,Lv2_Visitors,Actuals," 19,208 "
2020,2,Customers,Dehradun,Lv2_Visitors,Actuals," 18,163 "
2020,2,Customers,Faridabad,Lv3_Visitors,Actuals," 16,720 "
2020,2,Customers,Uddepy,Lv5_Visitors,Actuals," 15,119 "
2020,2,Customers,Faridabad,Lv1_Visitors,Actuals," 13,964 "
2020,2,Customers,Faridabad,Lv2_Visitors,Actuals," 12,141 "
2020,2,Customers,Ujjain,Lv4_Visitors,Actuals," 9,484 "
2020,2,Customers,Faridabad,Lv4_Visitors,Actuals," 7,564 "
2020,2,Customers,Dehradun,Lv4_Visitors,Actuals," 7,312 "
2020,2,Customers,Aurangabad,Lv1_Visitors,Actuals," 7,092 "
2020,2,Customers,Aurangabad,Lv3_Visitors,Actuals," 6,080 "
2020,2,Customers,Aurangabad,Lv2_Visitors,Actuals," 4,539 "
2020,2,Customers,Ujjain,Lv5_Visitors,Actuals," 3,238 "
2020,2,Customers,Dehradun,Lv5_Visitors,Actuals," 3,141 "
2020,2,Customers,Faridabad,Lv5_Visitors,Actuals," 2,231 "
2020,2,Customers,Aurangabad,Lv4_Visitors,Actuals," 1,649 "
2020,2,Customers,Aurangabad,Lv5_Visitors,Actuals, 693 
2021,2,Customers,India,Lv1_Visitors,Actuals," 675,767 "
2021,2,Customers,India,Lv3_Visitors,Actuals," 552,723 "
2021,2,Customers,India,Lv2_Visitors,Actuals," 543,885 "
2021,2,Customers,India,Lv4_Visitors,Actuals," 257,782 "
2021,2,Customers,Uddepy,Lv1_Visitors,Actuals," 114,704 "
2021,2,Customers,Uddepy,Lv3_Visitors,Actuals," 88,016 "
2021,2,Customers,Uddepy,Lv2_Visitors,Actuals," 87,365 "
2021,2,Customers,India,Lv5_Visitors,Actuals," 72,662 "
2021,2,Customers,Uddepy,Lv4_Visitors,Actuals," 42,753 "
2021,2,Customers,Dehradun,Lv1_Visitors,Actuals," 38,952 "
2021,2,Customers,Ujjain,Lv1_Visitors,Actuals," 37,887 "
2021,2,Customers,Faridabad,Lv1_Visitors,Actuals," 33,840 "
2021,2,Customers,Faridabad,Lv3_Visitors,Actuals," 32,303 "
2021,2,Customers,Ujjain,Lv3_Visitors,Actuals," 29,669 "
2021,2,Customers,Dehradun,Lv2_Visitors,Actuals," 29,288 "
2021,2,Customers,Ujjain,Lv2_Visitors,Actuals," 28,961 "
2021,2,Customers,Faridabad,Lv2_Visitors,Actuals," 28,877 "
2021,2,Customers,Dehradun,Lv3_Visitors,Actuals," 27,297 "
2021,2,Customers,Faridabad,Lv4_Visitors,Actuals," 17,527 "
2021,2,Customers,Ujjain,Lv4_Visitors,Actuals," 15,025 "
2021,2,Customers,Uddepy,Lv5_Visitors,Actuals," 14,931 "
2021,2,Customers,Dehradun,Lv4_Visitors,Actuals," 12,460 "
2021,2,Customers,Aurangabad,Lv1_Visitors,Actuals," 9,208 "
2021,2,Customers,Aurangabad,Lv3_Visitors,Actuals," 8,555 "
2021,2,Customers,Faridabad,Lv5_Visitors,Actuals," 7,022 "
2021,2,Customers,Aurangabad,Lv2_Visitors,Actuals," 6,835 "
2021,2,Customers,Ujjain,Lv5_Visitors,Actuals," 6,610 "
2021,2,Customers,Dehradun,Lv5_Visitors,Actuals," 5,958 "
2021,2,Customers,Aurangabad,Lv4_Visitors,Actuals," 3,762 "
2021,2,Customers,Aurangabad,Lv5_Visitors,Actuals," 1,662 "
2022,2,Customers,India,Lv1_Visitors,Actuals," 412,205 "
2022,2,Customers,India,Lv2_Visitors,Actuals," 282,539 "
2022,2,Customers,India,Lv3_Visitors,Actuals," 228,545 "
2022,2,Customers,Uddepy,Lv1_Visitors,Actuals," 100,042 "
2022,2,Customers,India,Lv4_Visitors,Actuals," 92,619 "
2022,2,Customers,Uddepy,Lv2_Visitors,Actuals," 57,585 "
2022,2,Customers,Uddepy,Lv3_Visitors,Actuals," 48,763 "
2022,2,Customers,Dehradun,Lv1_Visitors,Actuals," 30,183 "
2022,2,Customers,Ujjain,Lv1_Visitors,Actuals," 27,211 "
2022,2,Customers,Uddepy,Lv4_Visitors,Actuals," 23,835 "
2022,2,Customers,India,Lv5_Visitors,Actuals," 20,643 "
2022,2,Customers,Dehradun,Lv2_Visitors,Actuals," 19,075 "
2022,2,Customers,Faridabad,Lv1_Visitors,Actuals," 18,214 "
2022,2,Customers,Ujjain,Lv2_Visitors,Actuals," 16,300 "
2022,2,Customers,Faridabad,Lv2_Visitors,Actuals," 12,278 "
2022,2,Customers,Dehradun,Lv3_Visitors,Actuals," 10,811 "
2022,2,Customers,Ujjain,Lv3_Visitors,Actuals," 10,058 "
2022,2,Customers,Faridabad,Lv3_Visitors,Actuals," 9,390 "
2022,2,Customers,Uddepy,Lv5_Visitors,Actuals," 7,707 "
2022,2,Customers,Aurangabad,Lv1_Visitors,Actuals," 7,361 "
2022,2,Customers,Aurangabad,Lv2_Visitors,Actuals," 4,660 "
2022,2,Customers,Faridabad,Lv4_Visitors,Actuals," 4,520 "
2022,2,Customers,Ujjain,Lv4_Visitors,Actuals," 3,860 "
2022,2,Customers,Dehradun,Lv4_Visitors,Actuals," 3,701 "
2022,2,Customers,Aurangabad,Lv3_Visitors,Actuals," 3,682 "
2022,2,Customers,Dehradun,Lv5_Visitors,Actuals," 1,513 "
2022,2,Customers,Aurangabad,Lv4_Visitors,Actuals," 1,482 "
2022,2,Customers,Ujjain,Lv5_Visitors,Actuals," 1,333 "
2022,2,Customers,Faridabad,Lv5_Visitors,Actuals, 986 
2022,2,Customers,Aurangabad,Lv5_Visitors,Actuals, 578 
2020,1,Customers,India,Lv1_Visitors,Actuals," 424,743 "
2020,1,Customers,India,Lv3_Visitors,Actuals," 371,396 "
2020,1,Customers,India,Lv2_Visitors,Actuals," 326,618 "
2020,1,Customers,India,Lv4_Visitors,Actuals," 158,246 "
2020,1,Customers,Uddepy,Lv3_Visitors,Actuals," 108,349 "
2020,1,Customers,Uddepy,Lv1_Visitors,Actuals," 103,882 "
2020,1,Customers,Uddepy,Lv2_Visitors,Actuals," 75,152 "
2020,1,Customers,Uddepy,Lv4_Visitors,Actuals," 48,209 "
2020,1,Customers,India,Lv5_Visitors,Actuals," 42,569 "
2020,1,Customers,Dehradun,Lv1_Visitors,Actuals," 28,903 "
2020,1,Customers,Ujjain,Lv3_Visitors,Actuals," 25,661 "
2020,1,Customers,Ujjain,Lv1_Visitors,Actuals," 25,434 "
2020,1,Customers,Dehradun,Lv3_Visitors,Actuals," 25,380 "
2020,1,Customers,Dehradun,Lv2_Visitors,Actuals," 21,332 "
2020,1,Customers,Ujjain,Lv2_Visitors,Actuals," 19,891 "
2020,1,Customers,Faridabad,Lv3_Visitors,Actuals," 17,720 "
2020,1,Customers,Uddepy,Lv5_Visitors,Actuals," 15,447 "
2020,1,Customers,Faridabad,Lv1_Visitors,Actuals," 14,750 "
2020,1,Customers,Faridabad,Lv2_Visitors,Actuals," 12,968 "
2020,1,Customers,Ujjain,Lv4_Visitors,Actuals," 9,881 "
2020,1,Customers,Dehradun,Lv4_Visitors,Actuals," 8,578 "
2020,1,Customers,Faridabad,Lv4_Visitors,Actuals," 8,025 "
2020,1,Customers,Aurangabad,Lv1_Visitors,Actuals," 7,540 "
2020,1,Customers,Aurangabad,Lv3_Visitors,Actuals," 6,850 "
2020,1,Customers,Aurangabad,Lv2_Visitors,Actuals," 4,992 "
2020,1,Customers,Dehradun,Lv5_Visitors,Actuals," 3,875 "
2020,1,Customers,Ujjain,Lv5_Visitors,Actuals," 3,393 "
2020,1,Customers,Faridabad,Lv5_Visitors,Actuals," 2,344 "
2020,1,Customers,Aurangabad,Lv4_Visitors,Actuals," 2,157 "
2020,1,Customers,Aurangabad,Lv5_Visitors,Actuals, 934 
2021,1,Customers,India,Lv1_Visitors,Actuals," 664,367 "
2021,1,Customers,India,Lv3_Visitors,Actuals," 558,042 "
2021,1,Customers,India,Lv2_Visitors,Actuals," 521,898 "
2021,1,Customers,India,Lv4_Visitors,Actuals," 252,235 "
2021,1,Customers,Uddepy,Lv1_Visitors,Actuals," 109,094 "
2021,1,Customers,Uddepy,Lv3_Visitors,Actuals," 86,408 "
2021,1,Customers,Uddepy,Lv2_Visitors,Actuals," 78,570 "
2021,1,Customers,India,Lv5_Visitors,Actuals," 65,623 "
2021,1,Customers,Uddepy,Lv4_Visitors,Actuals," 40,588 "
2021,1,Customers,Dehradun,Lv1_Visitors,Actuals," 38,690 "
2021,1,Customers,Ujjain,Lv1_Visitors,Actuals," 36,443 "
2021,1,Customers,Faridabad,Lv1_Visitors,Actuals," 32,930 "
2021,1,Customers,Faridabad,Lv3_Visitors,Actuals," 31,549 "
2021,1,Customers,Dehradun,Lv2_Visitors,Actuals," 28,271 "
2021,1,Customers,Ujjain,Lv3_Visitors,Actuals," 28,194 "
2021,1,Customers,Faridabad,Lv2_Visitors,Actuals," 27,582 "
2021,1,Customers,Ujjain,Lv2_Visitors,Actuals," 27,358 "
2021,1,Customers,Dehradun,Lv3_Visitors,Actuals," 27,061 "
2021,1,Customers,Faridabad,Lv4_Visitors,Actuals," 15,356 "
2021,1,Customers,Ujjain,Lv4_Visitors,Actuals," 13,521 "
2021,1,Customers,Uddepy,Lv5_Visitors,Actuals," 13,229 "
2021,1,Customers,Dehradun,Lv4_Visitors,Actuals," 10,966 "
2021,1,Customers,Aurangabad,Lv1_Visitors,Actuals," 8,396 "
2021,1,Customers,Aurangabad,Lv3_Visitors,Actuals," 7,962 "
2021,1,Customers,Aurangabad,Lv2_Visitors,Actuals," 6,062 "
2021,1,Customers,Faridabad,Lv5_Visitors,Actuals," 6,020 "
2021,1,Customers,Dehradun,Lv5_Visitors,Actuals," 5,360 "
2021,1,Customers,Ujjain,Lv5_Visitors,Actuals," 5,150 "
2021,1,Customers,Aurangabad,Lv4_Visitors,Actuals," 3,239 "
2021,1,Customers,Aurangabad,Lv5_Visitors,Actuals," 1,340 "
2022,1,Customers,India,Lv1_Visitors,Actuals," 447,793 "
2022,1,Customers,India,Lv2_Visitors,Actuals," 299,158 "
2022,1,Customers,India,Lv3_Visitors,Actuals," 235,941 "
2022,1,Customers,Uddepy,Lv1_Visitors,Actuals," 105,203 "
2022,1,Customers,India,Lv4_Visitors,Actuals," 81,890 "
2022,1,Customers,Uddepy,Lv2_Visitors,Actuals," 57,375 "
2022,1,Customers,Uddepy,Lv3_Visitors,Actuals," 47,604 "
2022,1,Customers,Dehradun,Lv1_Visitors,Actuals," 30,004 "
2022,1,Customers,Ujjain,Lv1_Visitors,Actuals," 27,941 "
2022,1,Customers,Uddepy,Lv4_Visitors,Actuals," 22,849 "
2022,1,Customers,India,Lv5_Visitors,Actuals," 19,861 "
2022,1,Customers,Dehradun,Lv2_Visitors,Actuals," 19,673 "
2022,1,Customers,Faridabad,Lv1_Visitors,Actuals," 19,489 "
2022,1,Customers,Ujjain,Lv2_Visitors,Actuals," 16,853 "
2022,1,Customers,Faridabad,Lv2_Visitors,Actuals," 13,167 "
2022,1,Customers,Dehradun,Lv3_Visitors,Actuals," 11,438 "
2022,1,Customers,Faridabad,Lv3_Visitors,Actuals," 9,529 "
2022,1,Customers,Ujjain,Lv3_Visitors,Actuals," 9,447 "
2022,1,Customers,Aurangabad,Lv1_Visitors,Actuals," 7,289 "
2022,1,Customers,Uddepy,Lv5_Visitors,Actuals," 7,281 "
2022,1,Customers,Aurangabad,Lv2_Visitors,Actuals," 4,661 "
2022,1,Customers,Faridabad,Lv4_Visitors,Actuals," 4,168 "
2022,1,Customers,Ujjain,Lv4_Visitors,Actuals," 3,831 "
2022,1,Customers,Dehradun,Lv4_Visitors,Actuals," 3,786 "
2022,1,Customers,Aurangabad,Lv3_Visitors,Actuals," 3,702 "
2022,1,Customers,Dehradun,Lv5_Visitors,Actuals," 1,693 "
2022,1,Customers,Aurangabad,Lv4_Visitors,Actuals," 1,428 "
2022,1,Customers,Ujjain,Lv5_Visitors,Actuals," 1,311 "
2022,1,Customers,Faridabad,Lv5_Visitors,Actuals," 1,071 "
2022,1,Customers,Aurangabad,Lv5_Visitors,Actuals, 527 
